达人昵称,链接,达人认证,达人类目,达人粉丝数,10万以上点赞带货视频个数,5-10万点赞带货视频个数,1-5万点赞带货视频个数
樊学院课堂,http://www.99doushang.com/v/rank/star/detail?uid=108320481757&starName=,,职场,990257,1,0,0
常熟市王孟杰服装商行,http://www.99doushang.com/v/rank/star/detail?uid=100344747322&starName=,,穿搭,3424824,3,2,11
阿纯是打假测评家,http://www.99doushang.com/v/rank/star/detail?uid=1516972701915476&starName=,,种草,1417822,2,1,2
零青子,http://www.99doushang.com/v/rank/star/detail?uid=92440704622&starName=,,穿搭,313081,1,1,6
saysay,http://www.99doushang.com/v/rank/star/detail?uid=71406112897&starName=,,,80991,1,0,0
大连脸脸,http://www.99doushang.com/v/rank/star/detail?uid=99665576303&starName=,,美女,827181,2,4,7
常熟市吉富来鞋业商行,http://www.99doushang.com/v/rank/star/detail?uid=60531681888&starName=,,,12437,1,0,0
爆笑三江锅,http://www.99doushang.com/v/rank/star/detail?uid=62019499885&starName=,,剧情,9211083,1,3,0
范范种草,http://www.99doushang.com/v/rank/star/detail?uid=417404716329741&starName=,,,44670,1,0,2
TJ,http://www.99doushang.com/v/rank/star/detail?uid=79158843120&starName=,,体育,919336,1,1,3
阿派关爱小动物,http://www.99doushang.com/v/rank/star/detail?uid=106637223111&starName=,,,211771,1,0,0
关小微__,http://www.99doushang.com/v/rank/star/detail?uid=105945861511&starName=,,美妆,4360386,1,0,8
阿庹酱,http://www.99doushang.com/v/rank/star/detail?uid=72203087986&starName=,,娱乐,1308749,1,1,0
吃货王摆摆,http://www.99doushang.com/v/rank/star/detail?uid=118360737320046&starName=,,美食,355889,2,2,4
玩车女神,http://www.99doushang.com/v/rank/star/detail?uid=101963577425&starName=,,汽车,16337434,2,1,1
玩家本人(一_一个人),http://www.99doushang.com/v/rank/star/detail?uid=96698670855&starName=,,体育,212053,1,1,0
辣椒炒肉呀,http://www.99doushang.com/v/rank/star/detail?uid=57063720912&starName=,,美女,1287684,1,0,0
狗哥吃火锅,http://www.99doushang.com/v/rank/star/detail?uid=103245549485&starName=,,动漫,1102561,1,2,18
黑白物语,http://www.99doushang.com/v/rank/star/detail?uid=619759962172189&starName=,,情感,253745,2,3,5
禅心,http://www.99doushang.com/v/rank/star/detail?uid=1121103184930343&starName=,,职场,1474770,1,3,3
梦情（国服韩信，全网韩信最高战力保持者）,http://www.99doushang.com/v/rank/star/detail?uid=110625456774&starName=,,游戏,2518660,2,0,1
路怡,http://www.99doushang.com/v/rank/star/detail?uid=57968705815&starName=,人气视频创作者,美女,6234461,2,0,0
西西子的美丽传说,http://www.99doushang.com/v/rank/star/detail?uid=102656931729&starName=,,体育,2738538,3,2,1
鲜奶小妹,http://www.99doushang.com/v/rank/star/detail?uid=52471864095&starName=,抖音vlogger,帅哥,1377248,2,4,1
刘美丽教娃,http://www.99doushang.com/v/rank/star/detail?uid=4366913955969021&starName=,,教育,1211871,2,0,1
窗外,http://www.99doushang.com/v/rank/star/detail?uid=3689584937930936&starName=,,,6748,1,0,0
小薇种草,http://www.99doushang.com/v/rank/star/detail?uid=127198809564395&starName=,,,109178,1,4,9
汪仔饭录像带,http://www.99doushang.com/v/rank/star/detail?uid=109482008881&starName=,,宠物,1391532,1,0,2
傅羊羊,http://www.99doushang.com/v/rank/star/detail?uid=57451550285&starName=,,美女,2853699,3,0,1
上海点拍摄影,http://www.99doushang.com/v/rank/star/detail?uid=61486156448&starName=,,摄影教学,444733,1,0,1
家有小张,http://www.99doushang.com/v/rank/star/detail?uid=102487830905&starName=,,美女,3939747,5,0,1
君子兰手写,http://www.99doushang.com/v/rank/star/detail?uid=84693632291&starName=,,搞笑,737112,3,1,6
链宠乐园,http://www.99doushang.com/v/rank/star/detail?uid=109861153461&starName=,,宠物,456639,1,2,6
明墨科普,http://www.99doushang.com/v/rank/star/detail?uid=338275717887534&starName=,,文学,764673,1,1,4
荣荣百货,http://www.99doushang.com/v/rank/star/detail?uid=64322431843&starName=,,种草,467222,2,1,0
小笨猪爱运动,http://www.99doushang.com/v/rank/star/detail?uid=646113177378316&starName=,,,116043,1,0,0
聂小雨,http://www.99doushang.com/v/rank/star/detail?uid=6270144209&starName=,优质视频创作者,美女,11657683,1,0,0
小仙女,http://www.99doushang.com/v/rank/star/detail?uid=2053488054907213&starName=,,,81512,1,0,6
满满正能量,http://www.99doushang.com/v/rank/star/detail?uid=61970462093&starName=,,,85039,1,0,0
奈瑠书,http://www.99doushang.com/v/rank/star/detail?uid=50330727516&starName=,,艺术,728421,2,3,1
安然学长,http://www.99doushang.com/v/rank/star/detail?uid=62122781453&starName=,影视自媒体,创意,1797290,1,0,0
闯非洲小胖子,http://www.99doushang.com/v/rank/star/detail?uid=60227614217&starName=,,旅行,4143217,1,0,0
关公子,http://www.99doushang.com/v/rank/star/detail?uid=109667275850&starName=,,,123770,1,5,1
白衣未央,http://www.99doushang.com/v/rank/star/detail?uid=61738533254&starName=,,体育,916256,3,3,6
馋哭日记,http://www.99doushang.com/v/rank/star/detail?uid=2449359373345245&starName=,,美食,391085,2,0,3
小利利,http://www.99doushang.com/v/rank/star/detail?uid=1692866956507099&starName=,,穿搭,569426,1,3,3
大小毛,http://www.99doushang.com/v/rank/star/detail?uid=106794584360&starName=,,生活,401343,1,0,0
阿狸是个委屈鬼🐱,http://www.99doushang.com/v/rank/star/detail?uid=58997543807&starName=,,宠物,764181,1,1,5
明明舅父,http://www.99doushang.com/v/rank/star/detail?uid=135930790282076&starName=,,动漫,1223616,3,0,1
中国徒手力量,http://www.99doushang.com/v/rank/star/detail?uid=73278011703&starName=,,体育,157734,1,0,0
可盐可甜王发财🐽,http://www.99doushang.com/v/rank/star/detail?uid=2027124141074071&starName=,,,52165,1,0,0
阿强美食分享,http://www.99doushang.com/v/rank/star/detail?uid=110015378154&starName=,优质美食自媒体,美食,7051668,2,1,13
一条小困困OvO,http://www.99doushang.com/v/rank/star/detail?uid=2959533022644123&starName=,,,116430,1,0,0
平乐县优鲜达水果,http://www.99doushang.com/v/rank/star/detail?uid=461418517234254&starName=,,,27685,1,0,1
赛雷三分钟,http://www.99doushang.com/v/rank/star/detail?uid=96092971703&starName=,,资讯,1264720,1,2,3
肖瑶_,http://www.99doushang.com/v/rank/star/detail?uid=97259499971&starName=,优质美食自媒体,美食,4465053,5,2,1
好物种草（情侣分享好物）,http://www.99doushang.com/v/rank/star/detail?uid=2343781514877668&starName=,,种草,214079,1,0,1
大猫街拍穿搭,http://www.99doushang.com/v/rank/star/detail?uid=88253352541&starName=,,,196553,1,0,1
顺乾羊绒高级成衣1店,http://www.99doushang.com/v/rank/star/detail?uid=94106225389&starName=,,穿搭,285278,1,1,1
信口开饭,http://www.99doushang.com/v/rank/star/detail?uid=64402893651&starName=,优质美食自媒体,美食,7943695,2,2,0
王泡芙,http://www.99doushang.com/v/rank/star/detail?uid=96134000367&starName=,,宠物,3868567,11,0,0
郝凡,http://www.99doushang.com/v/rank/star/detail?uid=111424174425&starName=,,搞笑,1974991,6,4,2
爱与二歪,http://www.99doushang.com/v/rank/star/detail?uid=60655862437&starName=,优质视频创作者,宠物,16144507,2,0,0
女王百变秀,http://www.99doushang.com/v/rank/star/detail?uid=681322630351220&starName=,,,61300,1,0,2
夏波波Brian,http://www.99doushang.com/v/rank/star/detail?uid=80745032657&starName=,,美食,5567139,1,0,5
旭嗷嗷(11.29百天庆),http://www.99doushang.com/v/rank/star/detail?uid=57848226823&starName=,,生活,170564,1,0,0
来一碗马汤,http://www.99doushang.com/v/rank/star/detail?uid=100580098391&starName=,,种草,291691,1,0,0
昊铭远水果商贸,http://www.99doushang.com/v/rank/star/detail?uid=108325869693&starName=,,,61164,1,0,0
保罗在美国🇺🇸,http://www.99doushang.com/v/rank/star/detail?uid=99274952448&starName=,,旅行,830982,1,0,0
嗯叁佰,http://www.99doushang.com/v/rank/star/detail?uid=59581474826&starName=,,帅哥,607127,1,0,3
情话书签,http://www.99doushang.com/v/rank/star/detail?uid=71503136443&starName=,,情感,420944,2,0,4
杭州美人榜,http://www.99doushang.com/v/rank/star/detail?uid=109273444707&starName=,,穿搭,1134639,2,0,2
子航核电站,http://www.99doushang.com/v/rank/star/detail?uid=100700500107&starName=,优质视频创作者,音乐,3922838,6,2,0
每日新思维,http://www.99doushang.com/v/rank/star/detail?uid=106666824670&starName=,,娱乐,243255,1,0,0
萌芽熊,http://www.99doushang.com/v/rank/star/detail?uid=68793469235&starName=,抖音特效师,动漫,14619250,1,2,2
九天书匠,http://www.99doushang.com/v/rank/star/detail?uid=111408988187&starName=,,,29715,1,0,0
大头表妹,http://www.99doushang.com/v/rank/star/detail?uid=60483067677&starName=,,搞笑,2080571,5,6,0
东莞市朵朵装饰材料有限公司-,http://www.99doushang.com/v/rank/star/detail?uid=1543309048943148&starName=,,,70385,1,0,1
河卜卜的momo酱,http://www.99doushang.com/v/rank/star/detail?uid=62858477362&starName=,,宠物,3337227,1,1,0
狗屁小鲜肉包,http://www.99doushang.com/v/rank/star/detail?uid=64442261494&starName=,,,28998,1,0,1
OLAY,http://www.99doushang.com/v/rank/star/detail?uid=102972659752&starName=,,娱乐,127929,2,1,4
Sun,http://www.99doushang.com/v/rank/star/detail?uid=58590836959&starName=,,美女,5711815,3,1,6
九九的暖心购物车,http://www.99doushang.com/v/rank/star/detail?uid=106849877630&starName=,,,143077,1,0,4
我是三千,http://www.99doushang.com/v/rank/star/detail?uid=104746374911&starName=,,帅哥,1150869,1,0,0
狼叔街拍,http://www.99doushang.com/v/rank/star/detail?uid=61651039019&starName=,,美女,567834,1,0,5
亲子百科,http://www.99doushang.com/v/rank/star/detail?uid=97882171875&starName=,,母婴育儿,1692637,1,1,2
麦枳,http://www.99doushang.com/v/rank/star/detail?uid=94701402813&starName=,,穿搭,583765,1,0,5
名人名言,http://www.99doushang.com/v/rank/star/detail?uid=103485731076&starName=,,职场,1326220,2,0,1
好物开箱测评严选,http://www.99doushang.com/v/rank/star/detail?uid=57794939721&starName=,,种草,219834,1,0,0
心农园,http://www.99doushang.com/v/rank/star/detail?uid=72030288225&starName=,,,164717,1,1,7
一白遮百丑,http://www.99doushang.com/v/rank/star/detail?uid=71269966590&starName=,,,8453,1,0,0
宝租电脑事业部,http://www.99doushang.com/v/rank/star/detail?uid=69933947707&starName=,,科技,1263857,1,0,0
云夏好物购,http://www.99doushang.com/v/rank/star/detail?uid=2255818286177421&starName=,,,2957,1,0,0
成都女神街拍,http://www.99doushang.com/v/rank/star/detail?uid=4331710835071127&starName=,,穿搭,365399,1,1,1
武轩,http://www.99doushang.com/v/rank/star/detail?uid=101797800752&starName=,抖音人气好物推荐官,穿搭,2548232,3,2,3
悦读时光,http://www.99doushang.com/v/rank/star/detail?uid=3610418931315448&starName=,,情感,606169,1,0,0
我是五先生呀,http://www.99doushang.com/v/rank/star/detail?uid=106413579963&starName=,,美食,1822029,1,0,3
李子柒,http://www.99doushang.com/v/rank/star/detail?uid=68310389333&starName=,美食自媒体,美食,24795498,3,0,0
喵招_,http://www.99doushang.com/v/rank/star/detail?uid=55760493155&starName=,,美女,1226409,2,1,3
成功必修课,http://www.99doushang.com/v/rank/star/detail?uid=2159049212958644&starName=,,,147224,1,0,0
丁公子,http://www.99doushang.com/v/rank/star/detail?uid=2678041416044247&starName=,,美妆,7159805,9,0,0
斑布猫,http://www.99doushang.com/v/rank/star/detail?uid=95721149989&starName=,,动漫,5874595,1,0,3
女王搭配,http://www.99doushang.com/v/rank/star/detail?uid=4243759424109755&starName=,,穿搭,1870525,1,0,3
圣邦铁匠铺,http://www.99doushang.com/v/rank/star/detail?uid=1490536700850408&starName=,,,62604,1,0,0
小九爱漂亮✨,http://www.99doushang.com/v/rank/star/detail?uid=104436605275&starName=,,,11727,1,0,2
-ʙɪʀᴛᴛᴀɴʏ🎐,http://www.99doushang.com/v/rank/star/detail?uid=101210109906&starName=,,,12769,1,0,0
大圆子,http://www.99doushang.com/v/rank/star/detail?uid=84336586675&starName=,,宠物,1327170,1,5,8
嗨边小伙,http://www.99doushang.com/v/rank/star/detail?uid=108598782548&starName=,,美食,29240,1,0,0
蓝天晨【大石桥联盟】,http://www.99doushang.com/v/rank/star/detail?uid=61135187832&starName=,,音乐,1710975,2,1,2
地铁仔仔,http://www.99doushang.com/v/rank/star/detail?uid=1930340201147715&starName=,,,37569,1,0,0
拼搏的路,http://www.99doushang.com/v/rank/star/detail?uid=110833988564&starName=,,情感,310446,1,0,2
爱新觉罗男孩,http://www.99doushang.com/v/rank/star/detail?uid=106176149972&starName=,,美妆,1379633,3,1,4
皮卡丘,http://www.99doushang.com/v/rank/star/detail?uid=355880958441875&starName=,,动漫,863165,1,0,7
军哥篮球🏀习惯过了头.,http://www.99doushang.com/v/rank/star/detail?uid=59611157920&starName=,抖音好物推荐官,体育,4294105,4,4,4
灵魂化妆间,http://www.99doushang.com/v/rank/star/detail?uid=1384979518195604&starName=,,剧情,4508134,3,0,0
牧火电子商务,http://www.99doushang.com/v/rank/star/detail?uid=68753897258&starName=,,,23079,3,0,1
阿伟推荐官,http://www.99doushang.com/v/rank/star/detail?uid=99815732589&starName=,,,24621,1,0,1
寒天,http://www.99doushang.com/v/rank/star/detail?uid=866039565124157&starName=,,,153323,2,1,1
种草网红好物,http://www.99doushang.com/v/rank/star/detail?uid=2291011648764372&starName=,,,14280,1,0,0
小祁街拍,http://www.99doushang.com/v/rank/star/detail?uid=2167881606105518&starName=,,美女,688279,1,0,2
淘龙哥哥,http://www.99doushang.com/v/rank/star/detail?uid=101953686203&starName=,,搞笑,1585262,1,0,2
球球是只猫,http://www.99doushang.com/v/rank/star/detail?uid=57524413635&starName=,,宠物,2378286,1,5,5
有所掘物,http://www.99doushang.com/v/rank/star/detail?uid=74983749346&starName=,,种草,310880,1,0,3
居家母老虎,http://www.99doushang.com/v/rank/star/detail?uid=3091435810991320&starName=,,,38646,1,1,1
琪琪好物酱,http://www.99doushang.com/v/rank/star/detail?uid=2018304338956781&starName=,,,30901,1,0,0
舒舒种草记,http://www.99doushang.com/v/rank/star/detail?uid=88721065061&starName=,,生活,449820,1,0,0
生活百科叫中狈,http://www.99doushang.com/v/rank/star/detail?uid=59885541282&starName=,,种草,707052,1,0,4
蜗壳体育,http://www.99doushang.com/v/rank/star/detail?uid=97823402354&starName=,优质篮球领域创作者,体育,516700,1,1,5
三水朝,http://www.99doushang.com/v/rank/star/detail?uid=108065217731&starName=,,穿搭,575160,1,1,1
美丽女人,http://www.99doushang.com/v/rank/star/detail?uid=2493296196467320&starName=,,,144593,1,0,0
美少女日常穿搭,http://www.99doushang.com/v/rank/star/detail?uid=2845127892801581&starName=,,,112152,1,0,0
小助理甜筒,http://www.99doushang.com/v/rank/star/detail?uid=102661987826&starName=,,美女,3443822,12,3,1
LOL二哈,http://www.99doushang.com/v/rank/star/detail?uid=83634441085&starName=,,游戏,974143,2,0,0
刘德华吧,http://www.99doushang.com/v/rank/star/detail?uid=105792541276&starName=,,娱乐,4648519,1,1,2
小李朝ye,http://www.99doushang.com/v/rank/star/detail?uid=57428192654&starName=,抖音音乐人,音乐,7084460,5,0,0
蛋仔,http://www.99doushang.com/v/rank/star/detail?uid=4358091355719086&starName=,,,3479,1,1,3
梵凡,http://www.99doushang.com/v/rank/star/detail?uid=100960011952&starName=,,美食,846393,1,1,4
🍀飘然而至🍀,http://www.99doushang.com/v/rank/star/detail?uid=60477202318&starName=,,舞蹈,2051927,1,0,7
鸿鸿先生,http://www.99doushang.com/v/rank/star/detail?uid=54318349744&starName=,,,94818,1,0,3
张韶涵,http://www.99doushang.com/v/rank/star/detail?uid=66610181516&starName=,歌手张韶涵,明星,4735528,2,0,0
闻叔的伞（寻古）,http://www.99doushang.com/v/rank/star/detail?uid=106173531292&starName=,非遗纸伞代表性传承人,生活,738814,1,0,0
罗欢平律师,http://www.99doushang.com/v/rank/star/detail?uid=80067795797&starName=,律师,资讯,2183201,2,2,14
梁笑笑,http://www.99doushang.com/v/rank/star/detail?uid=94793587243&starName=,,时尚,2900369,1,2,12
懂行的纱纱,http://www.99doushang.com/v/rank/star/detail?uid=102659207114&starName=,,美女,3815394,2,7,1
黎黎是烧烤妹儿,http://www.99doushang.com/v/rank/star/detail?uid=86409921589&starName=,,穿搭,443374,1,1,1
家有神童,http://www.99doushang.com/v/rank/star/detail?uid=99138528992&starName=,,教育,487789,1,0,4
艺术+,http://www.99doushang.com/v/rank/star/detail?uid=96772914249&starName=,,艺术,1222047,1,1,2
星座狗联盟,http://www.99doushang.com/v/rank/star/detail?uid=96021570384&starName=,,情感,3373679,1,0,0
天极街球头盔哥,http://www.99doushang.com/v/rank/star/detail?uid=73152635332&starName=,,体育,5045113,1,2,7
鞋匠叶青天,http://www.99doushang.com/v/rank/star/detail?uid=105975830223&starName=,,情感,88918,1,1,1
朱思语是小可爱,http://www.99doushang.com/v/rank/star/detail?uid=58239566040&starName=,,美女,1359307,1,0,1
牙牙学琴,http://www.99doushang.com/v/rank/star/detail?uid=63635690561&starName=,,音乐,2038576,1,0,1
好物种草机,http://www.99doushang.com/v/rank/star/detail?uid=1666459220847628&starName=,,,3558,1,0,0
修心,http://www.99doushang.com/v/rank/star/detail?uid=110688143251&starName=,,职场,1937033,3,1,3
57,http://www.99doushang.com/v/rank/star/detail?uid=60738995305&starName=,,,209238,1,0,0
叫我薯条,http://www.99doushang.com/v/rank/star/detail?uid=102305180796&starName=,,美妆,515971,1,0,1
朗读爱好者📖,http://www.99doushang.com/v/rank/star/detail?uid=106658446122&starName=,,情感,997577,1,0,0
小圆脸慧慧,http://www.99doushang.com/v/rank/star/detail?uid=60967867473&starName=,,美女,128290,1,0,0
小银子STYLEYINZ,http://www.99doushang.com/v/rank/star/detail?uid=98800531285&starName=,,穿搭,589298,2,2,2
淇妈美食,http://www.99doushang.com/v/rank/star/detail?uid=62954369725&starName=,,美食,2095439,1,1,6
醉美娘,http://www.99doushang.com/v/rank/star/detail?uid=110822749768&starName=,,种草,12872,1,1,0
周小磕,http://www.99doushang.com/v/rank/star/detail?uid=111241983872&starName=,,美妆,527357,2,0,15
卡卡穿搭,http://www.99doushang.com/v/rank/star/detail?uid=110817049591&starName=,,,118863,1,0,1
大山君Mountain,http://www.99doushang.com/v/rank/star/detail?uid=97723183514&starName=,优质种草自媒体,美妆,1236132,1,2,3
朱正廷,http://www.99doushang.com/v/rank/star/detail?uid=81206701518&starName=,乐华娱乐旗下艺人,娱乐,3987824,1,0,1
吉大教育_零基础学CAD/SU,http://www.99doushang.com/v/rank/star/detail?uid=99827821446&starName=,,教育,1363250,1,0,0
街拍小简,http://www.99doushang.com/v/rank/star/detail?uid=2871567067382043&starName=,,时尚,371114,2,0,1
世界之最,http://www.99doushang.com/v/rank/star/detail?uid=107921394922&starName=,科普自媒体,资讯,4871157,1,1,3
茜酱爱吸猫,http://www.99doushang.com/v/rank/star/detail?uid=105052846773&starName=,,宠物,278535,1,0,0
红伟国际贸易,http://www.99doushang.com/v/rank/star/detail?uid=73445055896&starName=,,穿搭,262751,1,1,0
敖犬,http://www.99doushang.com/v/rank/star/detail?uid=85492777957&starName=,歌手，演员,明星,717853,3,0,0
鲑鱼子,http://www.99doushang.com/v/rank/star/detail?uid=62546305642&starName=,,美女,682575,1,2,3
好物种草鸭,http://www.99doushang.com/v/rank/star/detail?uid=96667992893&starName=,,,85679,1,0,0
汪仔饭萌宠乐园,http://www.99doushang.com/v/rank/star/detail?uid=111404352425&starName=,,宠物,899980,1,1,3
鸭梨大、,http://www.99doushang.com/v/rank/star/detail?uid=59322810347&starName=,,种草,25178,1,0,3
Nico穿搭分享,http://www.99doushang.com/v/rank/star/detail?uid=3258576390072424&starName=,,,5203,1,0,2
深圳莫茉造型店,http://www.99doushang.com/v/rank/star/detail?uid=57725483908&starName=,,,183367,1,0,1
钟倩儿,http://www.99doushang.com/v/rank/star/detail?uid=52305452936&starName=,优质视频创作者,舞蹈,3085923,7,2,5
022,http://www.99doushang.com/v/rank/star/detail?uid=74498592279&starName=,,才艺,2221002,1,0,0
刘哈哈,http://www.99doushang.com/v/rank/star/detail?uid=3328972857809912&starName=,,剧情,4775063,5,0,0
希崖电气,http://www.99doushang.com/v/rank/star/detail?uid=96343803777&starName=,,,96083,1,0,0
我来帮你测,http://www.99doushang.com/v/rank/star/detail?uid=105179092017&starName=,,种草,551110,1,1,1
邓俊河,http://www.99doushang.com/v/rank/star/detail?uid=83480404003&starName=,,体育,358617,1,0,1
夫诸,http://www.99doushang.com/v/rank/star/detail?uid=67713618433&starName=,,,75516,1,0,0
胡桃佳子LJ,http://www.99doushang.com/v/rank/star/detail?uid=96501928655&starName=,,美女,4729466,6,8,9
奇畅飞干货,http://www.99doushang.com/v/rank/star/detail?uid=690125444228414&starName=,,,195320,2,1,4
李安娜anna,http://www.99doushang.com/v/rank/star/detail?uid=2370175385739547&starName=,,,10570,1,0,0
自由～恶魔的爱,http://www.99doushang.com/v/rank/star/detail?uid=76059227696&starName=,,动漫,4028440,10,1,0
芒果主播雪儿妈,http://www.99doushang.com/v/rank/star/detail?uid=99638772747&starName=,,母婴育儿,3499210,1,2,2
天总,http://www.99doushang.com/v/rank/star/detail?uid=61087009174&starName=,,美女,1995103,1,1,2
光与筹谋,http://www.99doushang.com/v/rank/star/detail?uid=285515769723667&starName=,,情感,775034,2,2,4
泡芙小姐蓝鱼儿,http://www.99doushang.com/v/rank/star/detail?uid=75123116073&starName=,,,90245,1,0,0
汪仔饭 萌宠星工厂,http://www.99doushang.com/v/rank/star/detail?uid=103899230334&starName=,,宠物,1333618,2,1,2
营销高手,http://www.99doushang.com/v/rank/star/detail?uid=106416433827&starName=,,职场,784647,3,1,0
陳雨舟,http://www.99doushang.com/v/rank/star/detail?uid=62555262435&starName=,,帅哥,1130834,2,0,2
夜心,http://www.99doushang.com/v/rank/star/detail?uid=76896231060&starName=,,,12265,1,0,2
王小二果园,http://www.99doushang.com/v/rank/star/detail?uid=2739580417086891&starName=,,,36163,1,0,0
SQ的小日常,http://www.99doushang.com/v/rank/star/detail?uid=1895154497100621&starName=,,情感,544457,1,0,2
机智少女持家记,http://www.99doushang.com/v/rank/star/detail?uid=637353209902068&starName=,,,28134,1,0,0
逆袭江江,http://www.99doushang.com/v/rank/star/detail?uid=241505651658526&starName=,,剧情,1029715,1,0,0
音乐🎵,http://www.99doushang.com/v/rank/star/detail?uid=92923455121&starName=,,,26801,1,0,0
宣璐lulu,http://www.99doushang.com/v/rank/star/detail?uid=58645554188&starName=,演员,明星,2071576,1,0,0
凯奇文具,http://www.99doushang.com/v/rank/star/detail?uid=96242969878&starName=,,母婴育儿,564798,3,0,2
天然妮,http://www.99doushang.com/v/rank/star/detail?uid=2229397833910315&starName=,,美妆,644095,2,2,5
世纪美织毛线手工,http://www.99doushang.com/v/rank/star/detail?uid=65333803832&starName=,,,25107,1,0,0
种草师榕榕,http://www.99doushang.com/v/rank/star/detail?uid=63705577261&starName=,,,31512,1,0,0
南宫妃,http://www.99doushang.com/v/rank/star/detail?uid=3029873498522779&starName=,,剧情,2482848,11,0,0
晨妍家的小助理,http://www.99doushang.com/v/rank/star/detail?uid=63047298307&starName=,,美女,888238,1,2,6
大魔王呸,http://www.99doushang.com/v/rank/star/detail?uid=62100530690&starName=,,情感,5951630,8,5,2
初晓皮草,http://www.99doushang.com/v/rank/star/detail?uid=61367721275&starName=,,穿搭,1573995,2,0,4
用武之地-讲武学堂,http://www.99doushang.com/v/rank/star/detail?uid=97658286838&starName=,,体育,8242198,1,0,1
太阳妹妹（晨晨）,http://www.99doushang.com/v/rank/star/detail?uid=61241763798&starName=,嗨吃南京宣传大使,搞笑,7348042,1,1,0
主持人·姜帅⛲️,http://www.99doushang.com/v/rank/star/detail?uid=75665061020&starName=,,生活,603204,1,0,2
丁小喵零食,http://www.99doushang.com/v/rank/star/detail?uid=1728058916348984&starName=,,美食,226633,1,0,3
奇趣玩具,http://www.99doushang.com/v/rank/star/detail?uid=1059557735929566&starName=,,母婴育儿,122255,1,0,0
阿姐家,http://www.99doushang.com/v/rank/star/detail?uid=105438435010&starName=,,穿搭,314974,2,0,2
珠轩工作室,http://www.99doushang.com/v/rank/star/detail?uid=92212765077&starName=,,美妆,1370257,1,0,2
广州拍客,http://www.99doushang.com/v/rank/star/detail?uid=101954273793&starName=,,,44294,1,0,0
成都时尚街拍,http://www.99doushang.com/v/rank/star/detail?uid=110275575064&starName=,,穿搭,1006060,1,0,2
人类观察所,http://www.99doushang.com/v/rank/star/detail?uid=98936410339&starName=,,资讯,6323323,2,0,4
车饰界,http://www.99doushang.com/v/rank/star/detail?uid=822037199198436&starName=,,,45623,1,0,1
天天好歌,http://www.99doushang.com/v/rank/star/detail?uid=1041959278878299&starName=,,音乐,1879643,1,0,3
红中Redok,http://www.99doushang.com/v/rank/star/detail?uid=55651842931&starName=,抖音音乐人,音乐,452761,1,1,1
阿xuuuu,http://www.99doushang.com/v/rank/star/detail?uid=60291778767&starName=,,,9950,1,0,0
王公子,http://www.99doushang.com/v/rank/star/detail?uid=67802633027&starName=,,汽车,226905,1,0,0
是亦辰呀,http://www.99doushang.com/v/rank/star/detail?uid=1059566009463320&starName=,,帅哥,3457305,1,6,2
王美丽爱你哟,http://www.99doushang.com/v/rank/star/detail?uid=105381256587&starName=,,美女,2360718,6,5,1
一盒糖球,http://www.99doushang.com/v/rank/star/detail?uid=92946704402&starName=,抖音音乐人,音乐,522691,1,0,1
RUA RUA,http://www.99doushang.com/v/rank/star/detail?uid=81881034194&starName=,,美食,781737,1,0,2
穿搭师小鱼,http://www.99doushang.com/v/rank/star/detail?uid=3346532735658238&starName=,,,68520,1,0,1
黄梓淇,http://www.99doushang.com/v/rank/star/detail?uid=94928054059&starName=,,,128653,1,0,3
张莹莹手工编织店,http://www.99doushang.com/v/rank/star/detail?uid=62784326944&starName=,,生活,914360,1,0,1
鲜野果园,http://www.99doushang.com/v/rank/star/detail?uid=71908406033&starName=,,生活,67925,1,0,0
微胖穿搭,http://www.99doushang.com/v/rank/star/detail?uid=3689575437054808&starName=,,,90108,1,1,3
蜻蜓FM,http://www.99doushang.com/v/rank/star/detail?uid=62905899407&starName=,,娱乐,1353863,1,1,0
四点篮球社区,http://www.99doushang.com/v/rank/star/detail?uid=19592852523&starName=,优质篮球领域创作者,体育,923764,2,0,1
话事酒吧,http://www.99doushang.com/v/rank/star/detail?uid=4437277056436583&starName=,,美食,2215664,1,0,1
枕边书,http://www.99doushang.com/v/rank/star/detail?uid=417411579519741&starName=,,,197626,1,0,1
阿唐的少女心❤️,http://www.99doushang.com/v/rank/star/detail?uid=97604521348&starName=,,才艺,1234134,1,0,1
李小丹,http://www.99doushang.com/v/rank/star/detail?uid=1534572667602860&starName=,,,11589,1,0,0
梨儿穿搭,http://www.99doushang.com/v/rank/star/detail?uid=3179400533386636&starName=,,,102010,1,2,1
sisi美颜室,http://www.99doushang.com/v/rank/star/detail?uid=102655066525&starName=,,美妆,3645015,1,3,1
阿思不穿秋裤,http://www.99doushang.com/v/rank/star/detail?uid=102052633939&starName=,,,10214,1,0,0
小豹AI,http://www.99doushang.com/v/rank/star/detail?uid=79162647446&starName=,,搞笑,397357,1,0,0
义乌市娜好电子商务商行,http://www.99doushang.com/v/rank/star/detail?uid=3883077778014509&starName=,,,143581,1,0,1
潘小贱,http://www.99doushang.com/v/rank/star/detail?uid=707715471772523&starName=,,种草,1282774,3,3,7
120斤大萌萌,http://www.99doushang.com/v/rank/star/detail?uid=1006772744099149&starName=,,穿搭,335004,1,1,1
三生书坊🍃,http://www.99doushang.com/v/rank/star/detail?uid=64515887572&starName=,,,24765,2,0,1
做梦老阿姨,http://www.99doushang.com/v/rank/star/detail?uid=77895428991&starName=,,美妆,543769,1,0,1
灵子,http://www.99doushang.com/v/rank/star/detail?uid=74855134963&starName=,,美妆,1179165,2,0,3
北京卫视档案,http://www.99doushang.com/v/rank/star/detail?uid=87389911655&starName=,,资讯,3978686,1,1,0
韩语听歌学,http://www.99doushang.com/v/rank/star/detail?uid=4138204249719742&starName=,,音乐,489654,2,0,4
小梦街拍,http://www.99doushang.com/v/rank/star/detail?uid=4314128296976636&starName=,,美女,713853,1,0,0
米娅有点甜,http://www.99doushang.com/v/rank/star/detail?uid=102866849191&starName=,,生活,3897413,3,1,0
二叔街拍,http://www.99doushang.com/v/rank/star/detail?uid=3117851468379411&starName=,,穿搭,1390784,1,1,5
历史微鉴,http://www.99doushang.com/v/rank/star/detail?uid=99493479568&starName=,,文学,299402,1,0,7
雄县旭武精品商贸,http://www.99doushang.com/v/rank/star/detail?uid=1446596638412067&starName=,,穿搭,492638,1,0,2
9号化妆间,http://www.99doushang.com/v/rank/star/detail?uid=883660672997128&starName=,,美妆,2790473,3,0,3
妖怪精选好物,http://www.99doushang.com/v/rank/star/detail?uid=109825474494&starName=,,种草,334879,1,1,0
大蒜涛（多肉）,http://www.99doushang.com/v/rank/star/detail?uid=109723023446&starName=,,美食,2332015,1,1,0
欣欣学姐,http://www.99doushang.com/v/rank/star/detail?uid=1930370737774188&starName=,,,3085,1,0,0
仙女的零食库,http://www.99doushang.com/v/rank/star/detail?uid=276667589475780&starName=,,美食,358614,2,0,4
牛哥好物馆,http://www.99doushang.com/v/rank/star/detail?uid=1103526818229687&starName=,,,25082,1,0,2
汪仔饭 没了show,http://www.99doushang.com/v/rank/star/detail?uid=93907848898&starName=,,宠物,2961212,1,2,8
冰水泡柠檬,http://www.99doushang.com/v/rank/star/detail?uid=857213606824638&starName=,,,93842,1,0,1
优妮简笔画,http://www.99doushang.com/v/rank/star/detail?uid=103632627416&starName=,,母婴育儿,2771684,1,0,0
晗,http://www.99doushang.com/v/rank/star/detail?uid=69796251606&starName=,,,49819,1,0,0
宁真不错,http://www.99doushang.com/v/rank/star/detail?uid=59281647971&starName=,,,76031,1,0,0
尚丽雅珍珠养殖,http://www.99doushang.com/v/rank/star/detail?uid=47973917004039&starName=,,,77985,1,0,0
吃瓜少女魏淑芬,http://www.99doushang.com/v/rank/star/detail?uid=101340455904&starName=,,种草,3895237,1,0,0
蛮吉学长,http://www.99doushang.com/v/rank/star/detail?uid=58912713318&starName=,,游戏,4098712,4,0,1
恋爱课代表,http://www.99doushang.com/v/rank/star/detail?uid=4454853227062440&starName=,,,5640,1,1,0
大狼狗郑建鹏&言真夫妇,http://www.99doushang.com/v/rank/star/detail?uid=71912868448&starName=,抖音音乐人,音乐,9997516,13,1,0
王笑笑会发光,http://www.99doushang.com/v/rank/star/detail?uid=110273004653&starName=,,生活,772297,1,0,0
小林来了,http://www.99doushang.com/v/rank/star/detail?uid=108600892429&starName=,,剧情,3907715,1,0,0
拾巴一朵花,http://www.99doushang.com/v/rank/star/detail?uid=2308594462896270&starName=,,,118840,1,1,1
阿D（轻松唱）,http://www.99doushang.com/v/rank/star/detail?uid=102352340549&starName=,,音乐,2352865,1,1,5
哦王小明,http://www.99doushang.com/v/rank/star/detail?uid=56819687816&starName=,搞笑视频自媒体,美女,398661,1,0,0
OPPO,http://www.99doushang.com/v/rank/star/detail?uid=95471646943&starName=,,科技,1216691,1,0,1
活宝网络.大支育儿经,http://www.99doushang.com/v/rank/star/detail?uid=104196138253&starName=,,母婴育儿,2420262,1,0,0
牧羊帅,http://www.99doushang.com/v/rank/star/detail?uid=97157708145&starName=,,帅哥,518267,1,0,1
小鱼日语🐟,http://www.99doushang.com/v/rank/star/detail?uid=4437260298356382&starName=,,,70321,1,0,0
戴建业,http://www.99doushang.com/v/rank/star/detail?uid=103999858587&starName=,华中师范大学教授,教育,2562468,2,1,2
新启懒人厨房,http://www.99doushang.com/v/rank/star/detail?uid=89323780880&starName=,,美食,2842710,3,2,5
糖希,http://www.99doushang.com/v/rank/star/detail?uid=102049863390&starName=,,种草,202424,1,0,0
小妍穿搭,http://www.99doushang.com/v/rank/star/detail?uid=95240747032&starName=,,穿搭,319277,1,0,1
你阿孜弟弟,http://www.99doushang.com/v/rank/star/detail?uid=65669685259&starName=,,动漫,1066786,1,0,1
买了疯了,http://www.99doushang.com/v/rank/star/detail?uid=94872547249&starName=,,,12223,1,0,1
峡谷谷主,http://www.99doushang.com/v/rank/star/detail?uid=73315244703&starName=,,游戏,997042,1,2,13
每日搭配推荐,http://www.99doushang.com/v/rank/star/detail?uid=1824804812888679&starName=,,穿搭,851720,1,2,1
大木头,http://www.99doushang.com/v/rank/star/detail?uid=81805490066&starName=,,,70682,1,0,0
杭州街拍阿毛,http://www.99doushang.com/v/rank/star/detail?uid=72818660732&starName=,,穿搭,846559,4,2,7
音乐随心听,http://www.99doushang.com/v/rank/star/detail?uid=54172329120&starName=,,娱乐,543468,3,1,7
一起画繁花,http://www.99doushang.com/v/rank/star/detail?uid=3241012326574904&starName=,,,115378,1,0,0
高雨田大魔王,http://www.99doushang.com/v/rank/star/detail?uid=108656248227&starName=,,才艺,5860894,2,1,0
猫九天,http://www.99doushang.com/v/rank/star/detail?uid=108360482376&starName=,,搞笑,499486,2,0,6
小潘潘,http://www.99doushang.com/v/rank/star/detail?uid=108664817050&starName=,,,60488,1,0,0
didi和彦彦,http://www.99doushang.com/v/rank/star/detail?uid=4111770547920347&starName=,,美女,284330,2,1,1
岁静好果园,http://www.99doushang.com/v/rank/star/detail?uid=62474953143&starName=,,,33434,1,1,0
王娟儿,http://www.99doushang.com/v/rank/star/detail?uid=80083411846&starName=,,,35710,1,0,1
张若疯,http://www.99doushang.com/v/rank/star/detail?uid=3962262499630062&starName=,,,172424,5,1,3
林深见鹿,http://www.99doushang.com/v/rank/star/detail?uid=66433202399&starName=,,娱乐,546790,1,2,1
砂轮厂吴彦祖,http://www.99doushang.com/v/rank/star/detail?uid=103826611790&starName=,,娱乐,336892,1,0,0
老阿西,http://www.99doushang.com/v/rank/star/detail?uid=64797556961&starName=,,娱乐,755606,1,1,2
MVE护肤,http://www.99doushang.com/v/rank/star/detail?uid=60839852138&starName=,,美妆,423198,2,3,8
幻想家japaul,http://www.99doushang.com/v/rank/star/detail?uid=68638142449&starName=,抖音vlogger,旅行,3469573,1,0,1
秀硕文化手作,http://www.99doushang.com/v/rank/star/detail?uid=100081668503&starName=,,,23043,1,0,0
天天养生,http://www.99doushang.com/v/rank/star/detail?uid=106082771817&starName=,,职场,932414,1,1,3
爱宠有家宠物店官方账号,http://www.99doushang.com/v/rank/star/detail?uid=61966563210&starName=,,,17035,1,0,0
徐瑞驰,http://www.99doushang.com/v/rank/star/detail?uid=62456591021&starName=,,,89854,1,2,2
西域之路,http://www.99doushang.com/v/rank/star/detail?uid=68508423958&starName=,,农产品,574555,2,1,1
社交处事,http://www.99doushang.com/v/rank/star/detail?uid=3487269306251707&starName=,,情感,373306,1,1,2
杨议,http://www.99doushang.com/v/rank/star/detail?uid=101260470181&starName=,相声演员 影视演员,明星,3292090,1,0,3
郭九九呢,http://www.99doushang.com/v/rank/star/detail?uid=106917861718&starName=,,穿搭,1061780,3,1,1
我是小宝乖,http://www.99doushang.com/v/rank/star/detail?uid=94923140443&starName=,,母婴育儿,1318511,1,0,0
Emily的穿搭,http://www.99doushang.com/v/rank/star/detail?uid=111181412838&starName=,,,29941,1,0,1
方时七,http://www.99doushang.com/v/rank/star/detail?uid=3284958644548142&starName=,,种草,492888,3,2,15
无聊创意杂货店,http://www.99doushang.com/v/rank/star/detail?uid=94518243879&starName=,,,72757,3,0,4
Dj Umi🧡,http://www.99doushang.com/v/rank/star/detail?uid=6276500789&starName=,,音乐,2046851,1,0,0
加大号仙女,http://www.99doushang.com/v/rank/star/detail?uid=76938744118&starName=,,穿搭,822435,1,1,6
天天练篮球🏀,http://www.99doushang.com/v/rank/star/detail?uid=103616059360&starName=,,,31299,1,1,0
凤雪美食,http://www.99doushang.com/v/rank/star/detail?uid=60749070389&starName=,,美食,3051026,1,0,3
不可思议的Yuki酱,http://www.99doushang.com/v/rank/star/detail?uid=91657875889&starName=,,创意,993352,1,2,0
余干县水莲日用品店,http://www.99doushang.com/v/rank/star/detail?uid=1569753113562667&starName=,,穿搭,240003,2,0,0
晨熙,http://www.99doushang.com/v/rank/star/detail?uid=59081696834&starName=,,搞笑,1031083,1,1,0
小路同学,http://www.99doushang.com/v/rank/star/detail?uid=70005964473&starName=,,情感,2411600,1,0,9
🎹秦一豪🎤,http://www.99doushang.com/v/rank/star/detail?uid=101763522173&starName=,抖音音乐人,音乐,2884032,1,0,0
森女部落SNBL,http://www.99doushang.com/v/rank/star/detail?uid=73148834225&starName=,,穿搭,1812788,1,0,4
战虎,http://www.99doushang.com/v/rank/star/detail?uid=100415615814&starName=,,,48728,1,0,1
原薏✨,http://www.99doushang.com/v/rank/star/detail?uid=60140450968&starName=,,,7100,1,0,0
影子先生,http://www.99doushang.com/v/rank/star/detail?uid=104106507019&starName=,优质情感自媒体,情感,4377917,2,0,3
乐享装饰设计工作室,http://www.99doushang.com/v/rank/star/detail?uid=71302288683&starName=,,家居,627858,1,0,1
樊登讲书,http://www.99doushang.com/v/rank/star/detail?uid=59116577226&starName=,,文学,5667452,1,0,4
大码胖胖渝,http://www.99doushang.com/v/rank/star/detail?uid=2449361020398487&starName=,,,290939,1,2,4
3Gm汽车性能升级中心,http://www.99doushang.com/v/rank/star/detail?uid=106387174770&starName=,,汽车,1629738,2,1,0
ʚ金角大王ɞ,http://www.99doushang.com/v/rank/star/detail?uid=67878743102&starName=,抖音音乐人,音乐,220711,1,1,2
Obito漫剪,http://www.99doushang.com/v/rank/star/detail?uid=62668588590&starName=,,动漫,393313,1,0,0
承旭电子商务2号,http://www.99doushang.com/v/rank/star/detail?uid=1244240774957864&starName=,,,61247,1,1,1
二狗酒馆,http://www.99doushang.com/v/rank/star/detail?uid=58506708631&starName=,,美食,689638,1,0,1
穿搭情报局,http://www.99doushang.com/v/rank/star/detail?uid=2088679070765096&starName=,,,49130,1,0,0
目瞪狗带,http://www.99doushang.com/v/rank/star/detail?uid=106814444974&starName=,,宠物,4444453,1,2,8
牛肉哥严选,http://www.99doushang.com/v/rank/star/detail?uid=67579558320&starName=,抖音人气好物推荐官,美食,5343198,2,1,21
小宇菇菇,http://www.99doushang.com/v/rank/star/detail?uid=70166245903&starName=,美食自媒体,美食,2349174,1,0,3
路西法,http://www.99doushang.com/v/rank/star/detail?uid=106005163185&starName=,,生活,2658982,2,2,2
凡哥绘星空,http://www.99doushang.com/v/rank/star/detail?uid=59190399636&starName=,,生活,4359599,1,0,4
是爸爸干的,http://www.99doushang.com/v/rank/star/detail?uid=61175206776&starName=,,,57801,1,0,0
渔戈创意种草,http://www.99doushang.com/v/rank/star/detail?uid=100622983912&starName=,,穿搭,268720,1,0,0
绘思维,http://www.99doushang.com/v/rank/star/detail?uid=1314625322495180&starName=,,,50369,1,0,0
祝晓晗,http://www.99doushang.com/v/rank/star/detail?uid=96285518522&starName=,,搞笑,27448488,1,0,0
NaNa_精选,http://www.99doushang.com/v/rank/star/detail?uid=320713197628068&starName=,,,13155,1,0,0
宝藏甜圈,http://www.99doushang.com/v/rank/star/detail?uid=100064657851&starName=,,美女,987514,1,0,0
宝藏少女种草记,http://www.99doushang.com/v/rank/star/detail?uid=725325412829979&starName=,,,8602,1,0,0
媛媛,http://www.99doushang.com/v/rank/star/detail?uid=2950708917176691&starName=,,,6676,1,0,0
冷月服饰,http://www.99doushang.com/v/rank/star/detail?uid=76424204707&starName=,,穿搭,1169264,5,6,8
现在真的吃不胖了,http://www.99doushang.com/v/rank/star/detail?uid=391055136001947&starName=,,种草,40822,2,2,1
义乌市国顿渔具商行,http://www.99doushang.com/v/rank/star/detail?uid=97301543384&starName=,,,84328,1,1,0
木子小哥,http://www.99doushang.com/v/rank/star/detail?uid=76701383307&starName=,抖音好物推荐官,穿搭,729462,1,2,4
链宠大本营,http://www.99doushang.com/v/rank/star/detail?uid=3944672503277204&starName=,,宠物,1039827,1,1,6
馒头🐱它爹,http://www.99doushang.com/v/rank/star/detail?uid=76357745762&starName=,,帅哥,715779,1,0,3
蜜雪儿Michelle,http://www.99doushang.com/v/rank/star/detail?uid=105134882568&starName=,,,6312,1,1,0
热门音乐,http://www.99doushang.com/v/rank/star/detail?uid=104285427799&starName=,,音乐,779328,1,0,0
励志热点,http://www.99doushang.com/v/rank/star/detail?uid=1332215348998355&starName=,,情感,594950,4,0,1
广济亮点网络服务部,http://www.99doushang.com/v/rank/star/detail?uid=60450736323&starName=,,,35395,1,0,0
Funny,http://www.99doushang.com/v/rank/star/detail?uid=1059585005468328&starName=,,宠物,407931,1,0,0
The One 清洛,http://www.99doushang.com/v/rank/star/detail?uid=105329887107&starName=,,穿搭,314946,2,1,6
小玉酱,http://www.99doushang.com/v/rank/star/detail?uid=61608456852&starName=,,美妆,959926,1,0,3
稻草放毒,http://www.99doushang.com/v/rank/star/detail?uid=62574470075&starName=,优质美食自媒体,美食,1985698,1,2,1
布丁猫,http://www.99doushang.com/v/rank/star/detail?uid=2018305653869565&starName=,,,229810,1,1,0
lambert凌,http://www.99doushang.com/v/rank/star/detail?uid=71465899003&starName=,抖音音乐人,音乐,1577442,2,1,4
影子使者,http://www.99doushang.com/v/rank/star/detail?uid=3425682115011396&starName=,,情感,497358,2,0,3
等等kar,http://www.99doushang.com/v/rank/star/detail?uid=62461441049&starName=,抖音知识分享官,情感,1700194,2,1,4
馋音仙子,http://www.99doushang.com/v/rank/star/detail?uid=50712731814&starName=,,美食,664018,1,0,4
潘小美,http://www.99doushang.com/v/rank/star/detail?uid=106124342748&starName=,科技自媒体,创意,1939882,1,2,1
街头好声音,http://www.99doushang.com/v/rank/star/detail?uid=918846131148820&starName=,,,138229,1,0,1
森女部落搭配师,http://www.99doushang.com/v/rank/star/detail?uid=100716993108&starName=,,穿搭,562542,1,0,0
Hedy与王子,http://www.99doushang.com/v/rank/star/detail?uid=97261479696&starName=,,帅哥,3692206,2,1,2
宇麻麻减脂日记,http://www.99doushang.com/v/rank/star/detail?uid=110171113888&starName=,,美食,411350,1,0,0
桃子姐,http://www.99doushang.com/v/rank/star/detail?uid=1991965532764515&starName=,,,92140,1,1,2
一个大金意,http://www.99doushang.com/v/rank/star/detail?uid=72979304884&starName=,抖音音乐人,音乐,7434030,1,0,1
摄影师阿昊,http://www.99doushang.com/v/rank/star/detail?uid=99035209653&starName=,,摄影教学,404567,1,0,0
诺妃雅护肤,http://www.99doushang.com/v/rank/star/detail?uid=106097527823&starName=,,美妆,862268,2,1,1
初九🍃,http://www.99doushang.com/v/rank/star/detail?uid=55071566801&starName=,,美女,5403965,22,1,0
MoMo,http://www.99doushang.com/v/rank/star/detail?uid=61282022803&starName=,,,27936,1,0,1
武小五👧🏻,http://www.99doushang.com/v/rank/star/detail?uid=85614587775&starName=,,,9153,1,3,0
鼬神🔥漫剪,http://www.99doushang.com/v/rank/star/detail?uid=3628029842831630&starName=,,,169921,2,0,0
深夜徐老师,http://www.99doushang.com/v/rank/star/detail?uid=86241788954&starName=,优质视频创作者,时尚,4118494,1,0,2
情感生活1,http://www.99doushang.com/v/rank/star/detail?uid=3584011977892701&starName=,,剧情,217768,1,0,2
阿Miu~,http://www.99doushang.com/v/rank/star/detail?uid=2933106050337341&starName=,,,17432,1,0,1
梦寒：（10国服猴子）,http://www.99doushang.com/v/rank/star/detail?uid=4261333227024824&starName=,,游戏,892513,2,1,2
温精灵,http://www.99doushang.com/v/rank/star/detail?uid=62595850082&starName=,,搞笑,11023500,2,0,0
李大嗓,http://www.99doushang.com/v/rank/star/detail?uid=76199546279&starName=,,搞笑,6240928,1,0,1
王乃迎,http://www.99doushang.com/v/rank/star/detail?uid=61275528964&starName=,抖音音乐人,音乐,3412132,3,2,5
柏图图升职记,http://www.99doushang.com/v/rank/star/detail?uid=4067831295254551&starName=,,剧情,2322899,3,8,7
老K爱分享,http://www.99doushang.com/v/rank/star/detail?uid=725317655728412&starName=,,娱乐,479228,1,0,2
盛大力吃吃吃,http://www.99doushang.com/v/rank/star/detail?uid=338280626009879&starName=,,美食,927991,8,7,1
番茄娱乐,http://www.99doushang.com/v/rank/star/detail?uid=62068491120&starName=,,娱乐,305464,1,1,1
杨孝儒孝杨,http://www.99doushang.com/v/rank/star/detail?uid=92679288625&starName=,,,129875,1,0,1
森女好物部落,http://www.99doushang.com/v/rank/star/detail?uid=108298488287&starName=,,,6069,1,0,0
阿九,http://www.99doushang.com/v/rank/star/detail?uid=94196387267&starName=,,动漫,334168,1,2,0
王祖蓝,http://www.99doushang.com/v/rank/star/detail?uid=98351247903&starName=,演员、歌手、主持人,资讯,17187509,2,0,0
九六音乐汇,http://www.99doushang.com/v/rank/star/detail?uid=3196984909630003&starName=,,音乐,287402,1,0,0
林阿森,http://www.99doushang.com/v/rank/star/detail?uid=66043471290&starName=,,帅哥,361947,1,0,1
宵夜札札,http://www.99doushang.com/v/rank/star/detail?uid=1147534710421667&starName=,,剧情,2431655,4,1,0
文亿青年(西风),http://www.99doushang.com/v/rank/star/detail?uid=50983593146&starName=,,艺术,228631,1,0,1
🍎君君美食,http://www.99doushang.com/v/rank/star/detail?uid=109285968650&starName=,美食自媒体,美食,1613834,1,0,2
小仔街拍,http://www.99doushang.com/v/rank/star/detail?uid=3927082710338407&starName=,,穿搭,3041672,1,3,9
村里最后一位老师          🕷,http://www.99doushang.com/v/rank/star/detail?uid=61899931369&starName=,,母婴育儿,967197,1,0,5
田野里的七月,http://www.99doushang.com/v/rank/star/detail?uid=101796964509&starName=,,美食,1988655,2,0,2
麻辣墨鱼丸,http://www.99doushang.com/v/rank/star/detail?uid=108204888351&starName=,,搞笑,1112789,3,0,0
LPL后援会会长,http://www.99doushang.com/v/rank/star/detail?uid=58054130027&starName=,,,213319,1,1,4
小蚊子,http://www.99doushang.com/v/rank/star/detail?uid=94663547039&starName=,,,59047,1,0,0
小赵今天也想买牌,http://www.99doushang.com/v/rank/star/detail?uid=83964575017&starName=,,,85456,1,1,1
小铃铛,http://www.99doushang.com/v/rank/star/detail?uid=61070218643&starName=,优质视频创作者,创意,1365407,1,0,2
羽下服饰,http://www.99doushang.com/v/rank/star/detail?uid=93015244558&starName=,,穿搭,233743,1,0,0
李华同学,http://www.99doushang.com/v/rank/star/detail?uid=3179386842384963&starName=,,,8545,1,0,1
次火大哥,http://www.99doushang.com/v/rank/star/detail?uid=64321116955&starName=,,,147832,1,1,3
One💛美食,http://www.99doushang.com/v/rank/star/detail?uid=97867615298&starName=,优质美食自媒体,美食,3884571,2,2,10
情商书单优选,http://www.99doushang.com/v/rank/star/detail?uid=2194242842136589&starName=,,,74438,1,0,1
北四环港仔,http://www.99doushang.com/v/rank/star/detail?uid=64828254489&starName=,,娱乐,821236,2,0,2
心晴Tom,http://www.99doushang.com/v/rank/star/detail?uid=232719878198920&starName=,,,66613,2,0,1
康康妈,http://www.99doushang.com/v/rank/star/detail?uid=118341766223480&starName=,,,80869,1,2,0
成都街拍,http://www.99doushang.com/v/rank/star/detail?uid=104028332856&starName=,,穿搭,706324,1,0,2
叁佰爱拆快递,http://www.99doushang.com/v/rank/star/detail?uid=3953447181487051&starName=,,,44011,1,0,1
崇汇轩,http://www.99doushang.com/v/rank/star/detail?uid=103687792238&starName=,,才艺,443276,2,0,1
商业思维！,http://www.99doushang.com/v/rank/star/detail?uid=100697814063&starName=,,,190663,1,3,3
爱笑的橘子,http://www.99doushang.com/v/rank/star/detail?uid=4498801599715268&starName=,,,92513,1,0,4
月光如水,http://www.99doushang.com/v/rank/star/detail?uid=67719950089&starName=,,情感,201176,1,0,0
雪碧颜究所,http://www.99doushang.com/v/rank/star/detail?uid=101755792425&starName=,,健康,776369,1,1,1
明日の便当,http://www.99doushang.com/v/rank/star/detail?uid=77687103159&starName=,,美食,2189705,1,0,1
周日,http://www.99doushang.com/v/rank/star/detail?uid=109091940535&starName=,,,92250,1,0,0
郑燕姿,http://www.99doushang.com/v/rank/star/detail?uid=59538022133&starName=,,穿搭,1430763,11,4,1
掌阅读书,http://www.99doushang.com/v/rank/star/detail?uid=206300930381939&starName=,,情感,3390608,2,4,0
小萌萌,http://www.99doushang.com/v/rank/star/detail?uid=68829699383&starName=,,美女,614890,3,1,8
春丽和春娇,http://www.99doushang.com/v/rank/star/detail?uid=71193663101&starName=,,搞笑,378990,1,0,1
象由心生,http://www.99doushang.com/v/rank/star/detail?uid=104477515652&starName=,,职场,1809758,5,2,9
牛牛王子,http://www.99doushang.com/v/rank/star/detail?uid=64211615258&starName=,,宠物,1247632,1,0,3
语儿 & 哥哥   ,http://www.99doushang.com/v/rank/star/detail?uid=14510610119&starName=,,萌娃,5314585,2,2,3
多多神犬,http://www.99doushang.com/v/rank/star/detail?uid=101194912986&starName=,,宠物,6034564,1,0,0
TheBuck巴克,http://www.99doushang.com/v/rank/star/detail?uid=3153017421178204&starName=,,舞蹈,1557503,2,0,2
魔气说动漫,http://www.99doushang.com/v/rank/star/detail?uid=102062016570&starName=,,娱乐,376616,1,0,8
137斤的思思,http://www.99doushang.com/v/rank/star/detail?uid=1552159233541683&starName=,,,97043,1,0,1
最火音乐,http://www.99doushang.com/v/rank/star/detail?uid=2853977531627118&starName=,,音乐,461201,1,0,0
两个闺蜜大肚皮,http://www.99doushang.com/v/rank/star/detail?uid=3188206738871293&starName=,,,192071,1,0,2
兽后猫,http://www.99doushang.com/v/rank/star/detail?uid=102583294866&starName=,,,29291,1,0,0
小姐姐爱动脑,http://www.99doushang.com/v/rank/star/detail?uid=108360909762&starName=,,,13483,1,0,0
云南小花,http://www.99doushang.com/v/rank/star/detail?uid=77715681317&starName=,,美食,2861232,3,0,7
刘铁雕Rose,http://www.99doushang.com/v/rank/star/detail?uid=81933945951&starName=,,搞笑,9616040,1,1,0
周烨服装商行,http://www.99doushang.com/v/rank/star/detail?uid=1041967699206459&starName=,,,182184,1,0,0
澳骄攻略,http://www.99doushang.com/v/rank/star/detail?uid=86553191096&starName=,,旅行,510433,2,0,0
雨辰「带你旅行」,http://www.99doushang.com/v/rank/star/detail?uid=2352576473086684&starName=,,生活,1008055,1,0,2
木卡代斯,http://www.99doushang.com/v/rank/star/detail?uid=4041414522438926&starName=,,美女,217380,1,0,0
小超种草,http://www.99doushang.com/v/rank/star/detail?uid=3073849215950252&starName=,,,33858,1,0,2
最火音乐推荐,http://www.99doushang.com/v/rank/star/detail?uid=93389018919&starName=,,,165777,1,0,2
皮睿特斯语,http://www.99doushang.com/v/rank/star/detail?uid=63583881528&starName=,,,109667,1,1,0
欣橙苏菲娜,http://www.99doushang.com/v/rank/star/detail?uid=1587328685185387&starName=,,,11131,1,0,0
讲道理侠,http://www.99doushang.com/v/rank/star/detail?uid=57996887737&starName=,,搞笑,4664310,1,0,0
神明张起灵,http://www.99doushang.com/v/rank/star/detail?uid=25262500230&starName=,,,132960,1,0,0
慧由心生,http://www.99doushang.com/v/rank/star/detail?uid=101031799617&starName=,,动漫,339915,1,1,1
龙嫂,http://www.99doushang.com/v/rank/star/detail?uid=60276127170&starName=,,舞蹈,321030,1,0,0
天道酬勤,http://www.99doushang.com/v/rank/star/detail?uid=2748409145732395&starName=,,,204230,1,0,2
U'style  月色,http://www.99doushang.com/v/rank/star/detail?uid=79794723776&starName=,,体育,2332446,1,0,0
🔥姚大,http://www.99doushang.com/v/rank/star/detail?uid=74658338695&starName=,,音乐,13129647,2,0,0
暖如汐🧚,http://www.99doushang.com/v/rank/star/detail?uid=71070821865&starName=,,舞蹈,488208,1,0,2
球星特训营,http://www.99doushang.com/v/rank/star/detail?uid=2678066511616012&starName=,,体育,785893,3,3,19
月老玄七,http://www.99doushang.com/v/rank/star/detail?uid=2924337280333196&starName=,,帅哥,3977281,2,0,0
百鲜果果园,http://www.99doushang.com/v/rank/star/detail?uid=1420170789130420&starName=,,,81128,1,0,1
莓子哥哥,http://www.99doushang.com/v/rank/star/detail?uid=79772807177&starName=,优质视频创作者,美女,5378804,2,9,4
曾仕强留声机,http://www.99doushang.com/v/rank/star/detail?uid=84494473311&starName=,文化学者,情感,2220176,1,3,3
洁哥是女大神呐,http://www.99doushang.com/v/rank/star/detail?uid=50463162969&starName=,优质视频创作者,美女,3543985,1,2,9
柠檬可乐矿泉水,http://www.99doushang.com/v/rank/star/detail?uid=77540538792&starName=,,,37085,1,0,0
17sui_,http://www.99doushang.com/v/rank/star/detail?uid=51044231889&starName=,,穿搭,414389,1,1,4
少女搭配安利,http://www.99doushang.com/v/rank/star/detail?uid=103658032782&starName=,,穿搭,241049,1,0,0
@王艳是你好友？,http://www.99doushang.com/v/rank/star/detail?uid=9169103388&starName=,,情感,1397762,1,1,13
欣爷美妆视频、,http://www.99doushang.com/v/rank/star/detail?uid=105032871085&starName=,,美妆,188668,1,0,1
温柔女人,http://www.99doushang.com/v/rank/star/detail?uid=1596115915643368&starName=,,,50330,1,0,1
漫威英雄,http://www.99doushang.com/v/rank/star/detail?uid=92454600434&starName=,,娱乐,285675,3,2,5
成都穿搭榜,http://www.99doushang.com/v/rank/star/detail?uid=602186807514420&starName=,,穿搭,446846,1,1,2
查理街拍,http://www.99doushang.com/v/rank/star/detail?uid=2686811940066060&starName=,,,162373,2,0,3
小太阳董英俊,http://www.99doushang.com/v/rank/star/detail?uid=66480527752&starName=,,美女,1230287,1,1,2
美食时光机,http://www.99doushang.com/v/rank/star/detail?uid=79090852396&starName=,,,170123,1,0,0
吃垮南通,http://www.99doushang.com/v/rank/star/detail?uid=94272314668&starName=,,美食,613594,1,0,0
景哥手写,http://www.99doushang.com/v/rank/star/detail?uid=69241129919&starName=,,艺术,1644161,1,0,2
元气六六,http://www.99doushang.com/v/rank/star/detail?uid=109331462727&starName=,,美妆,1697868,1,0,0
双童吸管妞,http://www.99doushang.com/v/rank/star/detail?uid=84331088028&starName=,,,176118,1,0,1
小智食玩（迷你厨房）,http://www.99doushang.com/v/rank/star/detail?uid=103609776630&starName=,抖音音乐人,音乐,1234808,1,0,0
我是小张,http://www.99doushang.com/v/rank/star/detail?uid=111581576761&starName=,,剧情,2253403,1,0,0
我是小可爱呀,http://www.99doushang.com/v/rank/star/detail?uid=3619202506958755&starName=,,,11335,1,0,0
沙先森有点逗,http://www.99doushang.com/v/rank/star/detail?uid=1736834069563132&starName=,,,178707,1,0,1
你丑你开团,http://www.99doushang.com/v/rank/star/detail?uid=87035497119&starName=,,娱乐,364742,1,2,1
吵吵Kaoka,http://www.99doushang.com/v/rank/star/detail?uid=104988284899&starName=,,穿搭,1746114,3,0,3
梅梅育儿,http://www.99doushang.com/v/rank/star/detail?uid=95312770205&starName=,,母婴育儿,393726,3,0,1
程茧儿,http://www.99doushang.com/v/rank/star/detail?uid=58483813254&starName=,,穿搭,429877,1,1,4
尿尿是只猫,http://www.99doushang.com/v/rank/star/detail?uid=73963491925&starName=,优质视频创作者,宠物,8557731,1,0,0
芙梦 tricolor viola,http://www.99doushang.com/v/rank/star/detail?uid=89032187723&starName=,,动漫,463656,1,0,0
吧啦种草,http://www.99doushang.com/v/rank/star/detail?uid=109049347053&starName=,,,5572,1,0,0
你的欲梦,http://www.99doushang.com/v/rank/star/detail?uid=65101148467&starName=,,美女,812244,1,0,2
佛系小白,http://www.99doushang.com/v/rank/star/detail?uid=1587328368000628&starName=,,,19560,1,0,0
奔跑的张凯,http://www.99doushang.com/v/rank/star/detail?uid=3874299465962766&starName=,,剧情,375782,1,0,0
幻影社,http://www.99doushang.com/v/rank/star/detail?uid=971605439945931&starName=,,,97768,2,0,1
氪金研究所,http://www.99doushang.com/v/rank/star/detail?uid=93427976162&starName=,,穿搭,3051023,1,1,4
七七挖白菜,http://www.99doushang.com/v/rank/star/detail?uid=111643569192&starName=,,,112304,1,2,1
潮流穿搭,http://www.99doushang.com/v/rank/star/detail?uid=4015044063137555&starName=,,,129532,1,0,1
篮球经典,http://www.99doushang.com/v/rank/star/detail?uid=95822221140&starName=,,,25329,1,2,3
恋与三岁,http://www.99doushang.com/v/rank/star/detail?uid=102648806253&starName=,,帅哥,6579639,4,1,0
靓视野眼镜店,http://www.99doushang.com/v/rank/star/detail?uid=70019234866&starName=,,宠物,1318816,1,0,4
百果之园,http://www.99doushang.com/v/rank/star/detail?uid=3847887227987150&starName=,,,47717,1,0,1
爸爸杂货店,http://www.99doushang.com/v/rank/star/detail?uid=39201919731740&starName=,,,6442,1,0,0
精选音乐,http://www.99doushang.com/v/rank/star/detail?uid=100046785109&starName=,,音乐,252538,1,0,1
周星驰贴吧,http://www.99doushang.com/v/rank/star/detail?uid=107970238596&starName=,,娱乐,1573337,1,0,1
小龍王Yu-,http://www.99doushang.com/v/rank/star/detail?uid=74317836823&starName=,,,104673,1,0,2
小学真,http://www.99doushang.com/v/rank/star/detail?uid=63470445021&starName=,,种草,2605825,5,5,11
凤阳龙妹,http://www.99doushang.com/v/rank/star/detail?uid=96396015776&starName=,,舞蹈,2264968,1,1,36
少女搅拌机,http://www.99doushang.com/v/rank/star/detail?uid=92964150986&starName=,,种草,70425,1,1,2
玩而思,http://www.99doushang.com/v/rank/star/detail?uid=98513044391&starName=,,母婴育儿,2892734,1,0,1
可乐,http://www.99doushang.com/v/rank/star/detail?uid=3715979671511628&starName=,,,3171,1,0,0
XIARUIHAN,http://www.99doushang.com/v/rank/star/detail?uid=58397735682&starName=,,美女,1608327,1,0,2
陶鹿鹿,http://www.99doushang.com/v/rank/star/detail?uid=60655602362&starName=,,美妆,4950271,3,4,2
张铁锤SKY,http://www.99doushang.com/v/rank/star/detail?uid=105127280374&starName=,,种草,1668603,1,0,12
绯闻娱乐,http://www.99doushang.com/v/rank/star/detail?uid=989212163179979&starName=,,娱乐,492508,1,0,0
小乐街拍,http://www.99doushang.com/v/rank/star/detail?uid=3012302532774807&starName=,,穿搭,343589,1,0,2
一人科技,http://www.99doushang.com/v/rank/star/detail?uid=89936086835&starName=,,科技,1140505,1,0,0
炊二锅美食教学,http://www.99doushang.com/v/rank/star/detail?uid=98699249091&starName=,,美食,4309055,1,3,10
王一,http://www.99doushang.com/v/rank/star/detail?uid=52844727471&starName=,,生活,1172916,2,2,4
太阳当空照NANA,http://www.99doushang.com/v/rank/star/detail?uid=56012252235&starName=,,美女,262524,1,0,0
街拍小鬼,http://www.99doushang.com/v/rank/star/detail?uid=70896135515&starName=,,时尚,2016439,1,0,1
胖虎.🐯,http://www.99doushang.com/v/rank/star/detail?uid=60228094833&starName=,,搞笑,1052623,2,2,1
羊城潮流街拍,http://www.99doushang.com/v/rank/star/detail?uid=4287700184606840&starName=,,,52016,1,1,1
醉鹅娘,http://www.99doushang.com/v/rank/star/detail?uid=95547393743&starName=,抖音人气好物推荐官,美食,2561254,1,1,6
11,http://www.99doushang.com/v/rank/star/detail?uid=59349477080&starName=,,穿搭,291671,1,0,1
单眼皮的佟掌柜,http://www.99doushang.com/v/rank/star/detail?uid=58705128964&starName=,,,173952,1,0,0
七弟,http://www.99doushang.com/v/rank/star/detail?uid=56816252620&starName=,,帅哥,354358,1,0,2
胡成功,http://www.99doushang.com/v/rank/star/detail?uid=95371247360&starName=,,帅哥,2521074,1,0,3
侯小西,http://www.99doushang.com/v/rank/star/detail?uid=55979450230&starName=,,美妆,640472,1,3,19
花一村,http://www.99doushang.com/v/rank/star/detail?uid=69766070132&starName=,,搞笑,12293374,1,0,0
联盟嘤嘤怪,http://www.99doushang.com/v/rank/star/detail?uid=97111540729&starName=,,游戏,232011,1,0,0
七姨太,http://www.99doushang.com/v/rank/star/detail?uid=259079813471524&starName=,,,105367,1,0,0
努力的悉尼小猪猪,http://www.99doushang.com/v/rank/star/detail?uid=74174180708&starName=,,旅行,1380872,1,0,0
嘉了个玲,http://www.99doushang.com/v/rank/star/detail?uid=101982861080&starName=,,美妆,1435062,2,3,3
遇见音乐,http://www.99doushang.com/v/rank/star/detail?uid=4164573234208071&starName=,,,44597,1,3,2
张永海鲜,http://www.99doushang.com/v/rank/star/detail?uid=68647928800&starName=,,,34685,1,0,0
🍓梨落三三,http://www.99doushang.com/v/rank/star/detail?uid=63648692185&starName=,,动漫,329040,1,0,0
海鲜拌面,http://www.99doushang.com/v/rank/star/detail?uid=3671987101112125&starName=,,,22531,2,0,0
了不起的人生,http://www.99doushang.com/v/rank/star/detail?uid=1121106065107259&starName=,,情感,865908,3,3,1
张选选,http://www.99doushang.com/v/rank/star/detail?uid=566995773818103&starName=,,,55000,1,0,1
古人有云,http://www.99doushang.com/v/rank/star/detail?uid=65957617437&starName=,,,44361,1,0,0
李子园..,http://www.99doushang.com/v/rank/star/detail?uid=72688584721&starName=,,美女,4458052,1,1,0
小泽哥,http://www.99doushang.com/v/rank/star/detail?uid=55019809862&starName=,,搞笑,3340979,3,0,1
小胖好物,http://www.99doushang.com/v/rank/star/detail?uid=3988618179779004&starName=,,,22852,1,0,0
扎心笔录,http://www.99doushang.com/v/rank/star/detail?uid=3109013796163325&starName=,,情感,265405,1,0,0
非遗大宇,http://www.99doushang.com/v/rank/star/detail?uid=2757167537720324&starName=,,音乐,1023924,1,0,0
旺仔小秋秋,http://www.99doushang.com/v/rank/star/detail?uid=102386477320&starName=,,美女,447843,1,0,4
电竞山里娃,http://www.99doushang.com/v/rank/star/detail?uid=62496798488&starName=,,,74288,2,3,8
女侠弦子,http://www.99doushang.com/v/rank/star/detail?uid=111628666343&starName=,,美妆,4002941,1,0,1
余小鱼,http://www.99doushang.com/v/rank/star/detail?uid=95742923227&starName=,,,185596,1,1,0
百变大壹,http://www.99doushang.com/v/rank/star/detail?uid=99586325306&starName=,,穿搭,957676,1,1,1
黑妞Key Hung-,http://www.99doushang.com/v/rank/star/detail?uid=55678792601&starName=,,搞笑,1253083,1,0,2
欣妍潮品,http://www.99doushang.com/v/rank/star/detail?uid=98186481504&starName=,,,123899,1,0,0
男-先生男士理发馆,http://www.99doushang.com/v/rank/star/detail?uid=82007659006&starName=,,,115170,1,0,3
樊登 听书,http://www.99doushang.com/v/rank/star/detail?uid=111606392207&starName=,,母婴育儿,4803284,1,1,14
马悠悠,http://www.99doushang.com/v/rank/star/detail?uid=830866538639556&starName=,,资讯,1767773,1,0,0
吹c丶Tracy,http://www.99doushang.com/v/rank/star/detail?uid=70798136469&starName=,,动漫,222230,1,0,0
小小鹰,http://www.99doushang.com/v/rank/star/detail?uid=97847871184&starName=,,才艺,2370893,1,0,1
成都戏精榜,http://www.99doushang.com/v/rank/star/detail?uid=751660152664935&starName=,,,15963,1,0,1
尚鼎德玉珠宝,http://www.99doushang.com/v/rank/star/detail?uid=104324869938&starName=,,,209410,1,0,2
渔民锤子,http://www.99doushang.com/v/rank/star/detail?uid=4463629569361751&starName=,,,82707,1,0,4
秦先生🇨🇳🇨🇳,http://www.99doushang.com/v/rank/star/detail?uid=65636699482&starName=,,,36102,1,0,0
韩国农村一家人,http://www.99doushang.com/v/rank/star/detail?uid=105859214730&starName=,,,542016,1,0,4
Run with the dream,http://www.99doushang.com/v/rank/star/detail?uid=110736460231&starName=,,,165043,1,1,0
豆豆_Babe,http://www.99doushang.com/v/rank/star/detail?uid=53304917615&starName=,,美妆,5901660,9,1,0
pika街拍,http://www.99doushang.com/v/rank/star/detail?uid=3944684133298012&starName=,,,180936,2,2,3
杜国立化妆品店,http://www.99doushang.com/v/rank/star/detail?uid=104598657676&starName=,,,61488,1,0,0
爱米手工,http://www.99doushang.com/v/rank/star/detail?uid=74946934588&starName=,,才艺,380812,1,0,0
小霸王,http://www.99doushang.com/v/rank/star/detail?uid=54831232798&starName=,人气视频创作者,舞蹈,12104354,1,0,0
水果菇凉,http://www.99doushang.com/v/rank/star/detail?uid=285502379656252&starName=,,,146838,1,0,0
林木游戏解说,http://www.99doushang.com/v/rank/star/detail?uid=103282026923&starName=,,游戏,1163048,2,1,2
欢辉日用,http://www.99doushang.com/v/rank/star/detail?uid=62302068315&starName=,,,135357,1,0,2
杭城街拍,http://www.99doushang.com/v/rank/star/detail?uid=101884229966&starName=,,时尚,1870529,1,1,8
周末不休息了,http://www.99doushang.com/v/rank/star/detail?uid=74653822108&starName=,,穿搭,858540,2,1,3
醉美街拍,http://www.99doushang.com/v/rank/star/detail?uid=73269712140&starName=,,时尚,414670,1,0,3
家教有方,http://www.99doushang.com/v/rank/star/detail?uid=77374802853&starName=,,母婴育儿,3057165,1,1,9
眯粉,http://www.99doushang.com/v/rank/star/detail?uid=87917144676&starName=,,美食,341707,1,0,1
肥猪又在吃！,http://www.99doushang.com/v/rank/star/detail?uid=487780296956908&starName=,,,71382,1,0,1
幼萍服饰,http://www.99doushang.com/v/rank/star/detail?uid=72267435465&starName=,,,89134,1,0,0
烟台吃货,http://www.99doushang.com/v/rank/star/detail?uid=101125449771&starName=,,美食,506937,1,0,0
男生穿搭手册,http://www.99doushang.com/v/rank/star/detail?uid=109125094974&starName=,,穿搭,605343,2,0,4
现在真的吃不胖了,http://www.99doushang.com/v/rank/star/detail?uid=30382369279111&starName=,,种草,34778,1,0,0
绝世的容颜,http://www.99doushang.com/v/rank/star/detail?uid=62738952215&starName=,,帅哥,4781039,1,1,1
高冷睿与呆萌慧,http://www.99doushang.com/v/rank/star/detail?uid=58516334061&starName=,,美女,1072362,1,2,2
黄明昊Justin,http://www.99doushang.com/v/rank/star/detail?uid=101794044163&starName=,乐华娱乐旗下艺人,娱乐,5615567,1,0,0
狂小鹿🦌,http://www.99doushang.com/v/rank/star/detail?uid=99588156802&starName=,,创意,1173287,1,1,42
丁丁说历史,http://www.99doushang.com/v/rank/star/detail?uid=77715871769&starName=,,文学,507925,1,0,2
三哥街拍,http://www.99doushang.com/v/rank/star/detail?uid=80611165938&starName=,,时尚,1451914,2,1,5
可爱的静宜,http://www.99doushang.com/v/rank/star/detail?uid=101862667991&starName=,,,33641,1,0,0
卓仕琳,http://www.99doushang.com/v/rank/star/detail?uid=57779212227&starName=,优质视频创作者,美女,2677115,1,0,8
街拍熊仔🐻,http://www.99doushang.com/v/rank/star/detail?uid=94382353707&starName=,,穿搭,473695,2,1,1
兴盛鲜果,http://www.99doushang.com/v/rank/star/detail?uid=105790307208&starName=,,美食,355194,1,0,1
义乌市彤缘电子商行,http://www.99doushang.com/v/rank/star/detail?uid=1077164468347229&starName=,,,87906,1,0,1
赵之心～运动健身养生,http://www.99doushang.com/v/rank/star/detail?uid=813267920357799&starName=,,健康,968089,1,0,0
北方的烈阳,http://www.99doushang.com/v/rank/star/detail?uid=62174149070&starName=,,帅哥,3312677,1,0,0
手机有毒,http://www.99doushang.com/v/rank/star/detail?uid=64874844444&starName=,,,8325,1,0,2
小柒动漫社,http://www.99doushang.com/v/rank/star/detail?uid=107746297027&starName=,,,105935,1,0,2
张之助竟然,http://www.99doushang.com/v/rank/star/detail?uid=67348288488&starName=,,搞笑,4765813,1,0,0
好物坊精美达人百货,http://www.99doushang.com/v/rank/star/detail?uid=110223128822&starName=,,穿搭,752882,2,0,6
大象电影剪辑,http://www.99doushang.com/v/rank/star/detail?uid=91497611370&starName=,,娱乐,503372,1,0,0
偶滴小可耐服饰,http://www.99doushang.com/v/rank/star/detail?uid=104941099618&starName=,,,57245,1,0,0
樊登读书 课堂,http://www.99doushang.com/v/rank/star/detail?uid=103017549932&starName=,,职场,2199743,1,0,1
信扬网络自媒体,http://www.99doushang.com/v/rank/star/detail?uid=94427762338&starName=,,,23064,1,0,0
海边涛哥（海鲜）,http://www.99doushang.com/v/rank/star/detail?uid=2757192544688076&starName=,,,51237,1,0,1
仙仙电影,http://www.99doushang.com/v/rank/star/detail?uid=83285932070&starName=,,娱乐,924356,1,0,0
汪芳精选时尚美衣店,http://www.99doushang.com/v/rank/star/detail?uid=111555363485&starName=,,,148622,1,0,0
是你的书,http://www.99doushang.com/v/rank/star/detail?uid=71487690524&starName=,,,20182,1,1,2
摄影师东君,http://www.99doushang.com/v/rank/star/detail?uid=2273444570609982&starName=,,,95494,2,3,3
甜心百变秀,http://www.99doushang.com/v/rank/star/detail?uid=1437786639447580&starName=,,,37035,1,0,1
志龙小迷妹,http://www.99doushang.com/v/rank/star/detail?uid=59194114378&starName=,,,4435,1,0,0
孙姐姐,http://www.99doushang.com/v/rank/star/detail?uid=107795440652&starName=,,才艺,912494,1,0,0
七月记原创汉服,http://www.99doushang.com/v/rank/star/detail?uid=2572502790841916&starName=,,,79178,1,0,0
森女部落,http://www.99doushang.com/v/rank/star/detail?uid=95418380946&starName=,,穿搭,1436057,1,1,2
米妮的日常,http://www.99doushang.com/v/rank/star/detail?uid=30380860378280&starName=,,,6216,1,0,1
小洁街拍,http://www.99doushang.com/v/rank/star/detail?uid=989185132727251&starName=,,穿搭,954176,1,4,5
非石办公室生活,http://www.99doushang.com/v/rank/star/detail?uid=103152208006&starName=,,,227443,1,0,1
华妃妃的美妆宝藏,http://www.99doushang.com/v/rank/star/detail?uid=102269017585&starName=,,种草,2615273,1,0,1
希希姐,http://www.99doushang.com/v/rank/star/detail?uid=3548827252692564&starName=,,,20020,1,0,0
宋小雅,http://www.99doushang.com/v/rank/star/detail?uid=97189319914&starName=,,美妆,4319253,1,0,2
浪味仙贝穿搭记,http://www.99doushang.com/v/rank/star/detail?uid=110217857402&starName=,,,52879,1,0,0
贝贝💋爱护肤,http://www.99doushang.com/v/rank/star/detail?uid=954018794046536&starName=,,,18246,1,0,0
画渣花小烙,http://www.99doushang.com/v/rank/star/detail?uid=88145567841&starName=,,艺术,1601289,1,0,0
大鑫_,http://www.99doushang.com/v/rank/star/detail?uid=59020803764&starName=,,,69673,1,0,1
任长亮,http://www.99doushang.com/v/rank/star/detail?uid=58905739697&starName=,,,73693,1,1,2
陪吃界的阿亮,http://www.99doushang.com/v/rank/star/detail?uid=91636666605&starName=,,美食,3023609,1,0,2
小王子本人,http://www.99doushang.com/v/rank/star/detail?uid=59118608713&starName=,,搞笑,2739979,1,2,13
男友分享站,http://www.99doushang.com/v/rank/star/detail?uid=109488203448&starName=,,种草,506430,1,0,0
武博道馆,http://www.99doushang.com/v/rank/star/detail?uid=1041963870850596&starName=,,体育,358911,1,1,0
叁佰的日常穿搭,http://www.99doushang.com/v/rank/star/detail?uid=2308611851423614&starName=,,穿搭,1464646,2,0,0
最皮老板,http://www.99doushang.com/v/rank/star/detail?uid=75118581954&starName=,,搞笑,948947,1,0,0
头号-剪辑范,http://www.99doushang.com/v/rank/star/detail?uid=100693793576&starName=,,,30934,1,0,2
设计师阿爽,http://www.99doushang.com/v/rank/star/detail?uid=56612823293&starName=,,家居,13641633,1,0,2
清洁大师,http://www.99doushang.com/v/rank/star/detail?uid=980373395744347&starName=,,种草,50167,1,0,0
深圳市金馨家具有限公司,http://www.99doushang.com/v/rank/star/detail?uid=88257539660&starName=,,家居,230395,1,0,0
圆桌派,http://www.99doushang.com/v/rank/star/detail?uid=1314616494530647&starName=,,,199594,1,0,0
维维子,http://www.99doushang.com/v/rank/star/detail?uid=55147842538&starName=,,美女,2277225,1,0,2
车云惠,http://www.99doushang.com/v/rank/star/detail?uid=108164254296&starName=,,汽车,347934,1,0,2
海小贼,http://www.99doushang.com/v/rank/star/detail?uid=52332174848&starName=,,动漫,521357,2,0,1
开心,http://www.99doushang.com/v/rank/star/detail?uid=72101052397&starName=,,,123478,1,0,3
金一里,http://www.99doushang.com/v/rank/star/detail?uid=60697286416&starName=,,,97833,1,0,0
水墨君,http://www.99doushang.com/v/rank/star/detail?uid=1534562794474763&starName=,,情感,328997,1,1,2
Han哥漫剪,http://www.99doushang.com/v/rank/star/detail?uid=86681800528&starName=,,,179130,1,1,1
人鱼小姐,http://www.99doushang.com/v/rank/star/detail?uid=102861787884&starName=,,情感,820346,3,2,3
都市大医生,http://www.99doushang.com/v/rank/star/detail?uid=57898643499&starName=,,健康,3204492,1,1,1
花房姑娘成成,http://www.99doushang.com/v/rank/star/detail?uid=78043934131&starName=,,生活,994028,1,0,15
蟹田小宝🔥,http://www.99doushang.com/v/rank/star/detail?uid=106125321707&starName=,,生活,1369746,1,1,6
小红灰灰,http://www.99doushang.com/v/rank/star/detail?uid=94193823246&starName=,,穿搭,235949,1,1,1
柚子爱画画,http://www.99doushang.com/v/rank/star/detail?uid=110100612863&starName=,,才艺,393903,1,0,1
郑星洋,http://www.99doushang.com/v/rank/star/detail?uid=59400721675&starName=,,穿搭,1625677,3,4,12
静心,http://www.99doushang.com/v/rank/star/detail?uid=2475701406011101&starName=,,职场,1174185,1,0,0
三人行生活馆,http://www.99doushang.com/v/rank/star/detail?uid=2941936156815212&starName=,,,49801,1,0,0
AK.,http://www.99doushang.com/v/rank/star/detail?uid=54865086402&starName=,,,27998,1,1,2
小彭,http://www.99doushang.com/v/rank/star/detail?uid=69613490680&starName=,抖音好物推荐官,搞笑,9041594,7,2,0
化妆师小晗,http://www.99doushang.com/v/rank/star/detail?uid=74412805068206&starName=,,美妆,3401396,2,0,5
宝伟与june的日常,http://www.99doushang.com/v/rank/star/detail?uid=52668411852&starName=,,,80672,1,0,0
陈杉,http://www.99doushang.com/v/rank/star/detail?uid=2291016000090167&starName=,,,56821,1,0,0
没有感情的猪🐷,http://www.99doushang.com/v/rank/star/detail?uid=98220394468&starName=,,,22849,1,0,0
男前的小凯,http://www.99doushang.com/v/rank/star/detail?uid=59667660592&starName=,,,30102,1,0,1
优品鲜水果,http://www.99doushang.com/v/rank/star/detail?uid=94764922591&starName=,,,20019,1,0,0
行者无疆,http://www.99doushang.com/v/rank/star/detail?uid=103463462733&starName=,,资讯,481571,2,0,1
魔方教程《魔方BOX 》,http://www.99doushang.com/v/rank/star/detail?uid=67725586115&starName=,,母婴育儿,421547,1,1,0
乃提Guli,http://www.99doushang.com/v/rank/star/detail?uid=104645542169&starName=,抖音好物推荐达人,美妆,6497262,8,8,2
小绿style穿搭日记,http://www.99doushang.com/v/rank/star/detail?uid=2062339446154219&starName=,,,17582,1,0,0
必穿推荐,http://www.99doushang.com/v/rank/star/detail?uid=65596706533960&starName=,,,61703,2,0,3
电台情歌,http://www.99doushang.com/v/rank/star/detail?uid=96818771115&starName=,,,231803,1,0,1
长江1905,http://www.99doushang.com/v/rank/star/detail?uid=66186899560&starName=,,娱乐,752994,1,1,3
桂林建涛甜品,http://www.99doushang.com/v/rank/star/detail?uid=70357989496&starName=,,美食,660475,2,1,2
科技通晓,http://www.99doushang.com/v/rank/star/detail?uid=4076592639251684&starName=,,种草,750366,1,1,0
试饭生熊叔,http://www.99doushang.com/v/rank/star/detail?uid=98985961568&starName=,,美食,1204062,1,0,2
私属珍珠,http://www.99doushang.com/v/rank/star/detail?uid=105123271623&starName=,,农产品,483688,1,0,2
姐告岗磊珠宝柜,http://www.99doushang.com/v/rank/star/detail?uid=96662319898&starName=,,种草,612770,1,0,1
soma,http://www.99doushang.com/v/rank/star/detail?uid=58870645485&starName=,国家一级篮球运动员、国家一级篮球裁判员,体育,374678,1,1,0
高能宝妈,http://www.99doushang.com/v/rank/star/detail?uid=106388607976&starName=,,母婴育儿,768407,1,0,1
育儿宝典,http://www.99doushang.com/v/rank/star/detail?uid=4076582637156045&starName=,,母婴育儿,405381,1,0,0
爱做菜,http://www.99doushang.com/v/rank/star/detail?uid=101626266989&starName=,,美食,5150459,2,0,9
房琪kiki,http://www.99doushang.com/v/rank/star/detail?uid=58062943442&starName=,优质视频创作者,旅行,6429790,2,1,0
漫威皮皮蟹,http://www.99doushang.com/v/rank/star/detail?uid=1402582377957076&starName=,,,49541,1,1,0
柚子买了吗,http://www.99doushang.com/v/rank/star/detail?uid=103883943715&starName=,,种草,3026256,1,1,8
九儿欧尼,http://www.99doushang.com/v/rank/star/detail?uid=104626709453&starName=,,搞笑,1600955,1,0,2
💚_我的句子你的故事,http://www.99doushang.com/v/rank/star/detail?uid=102224270973&starName=,,情感,2385856,1,1,7
c小旭呐🍒🌸,http://www.99doushang.com/v/rank/star/detail?uid=78369962746&starName=,,,69658,1,0,3
长沙吃货小燕子,http://www.99doushang.com/v/rank/star/detail?uid=108072598166&starName=,,美食,358235,1,0,3
吴建清鞋业商行,http://www.99doushang.com/v/rank/star/detail?uid=98045818281&starName=,,,154032,1,0,0
你是在叫我吗,http://www.99doushang.com/v/rank/star/detail?uid=77711661532&starName=,,才艺,989850,3,1,1
琪哥chen,http://www.99doushang.com/v/rank/star/detail?uid=70514100393&starName=,,美女,448844,3,0,0
更新好物,http://www.99doushang.com/v/rank/star/detail?uid=109642315204&starName=,,生活,1038695,1,1,0
金大班种草记,http://www.99doushang.com/v/rank/star/detail?uid=1736829316380595&starName=,,,63269,1,1,1
我也想有人疼,http://www.99doushang.com/v/rank/star/detail?uid=93572972807&starName=,,,72157,1,0,1
小公举搭配圈,http://www.99doushang.com/v/rank/star/detail?uid=1868809396554376&starName=,,穿搭,461321,1,0,1
苹果街拍,http://www.99doushang.com/v/rank/star/detail?uid=96826063380&starName=,,,107378,1,1,5
烧麦一米八,http://www.99doushang.com/v/rank/star/detail?uid=725299924315660&starName=,,剧情,2335268,1,3,5
五季家大码,http://www.99doushang.com/v/rank/star/detail?uid=93762072661&starName=,,穿搭,1019958,1,0,1
皮皮（教做菜）,http://www.99doushang.com/v/rank/star/detail?uid=93189025747&starName=,优质美食自媒体,美食,10475921,2,1,4
新丝路海鲜辅导,http://www.99doushang.com/v/rank/star/detail?uid=104599996887&starName=,,美食,1183770,2,1,5
汪仔饭留声机,http://www.99doushang.com/v/rank/star/detail?uid=106640863318&starName=,,宠物,1538594,1,1,3
街拍小伍,http://www.99doushang.com/v/rank/star/detail?uid=96090491637&starName=,,,144548,1,0,2
兴国盛世农业,http://www.99doushang.com/v/rank/star/detail?uid=105725844172&starName=,,,51650,1,0,2
五金家居好物推荐,http://www.99doushang.com/v/rank/star/detail?uid=109090640891&starName=,,种草,551030,1,0,3
炮手张大爷,http://www.99doushang.com/v/rank/star/detail?uid=54251825472&starName=,,情感,3342043,2,2,5
茶茶很皮,http://www.99doushang.com/v/rank/star/detail?uid=73978701910&starName=,,,3894,2,1,2
大师兄MB,http://www.99doushang.com/v/rank/star/detail?uid=57431841191&starName=,,美食,1398102,1,0,3
搭配师Lucky ,http://www.99doushang.com/v/rank/star/detail?uid=104681032408&starName=,,穿搭,1054811,1,0,2
老爸评测,http://www.99doushang.com/v/rank/star/detail?uid=93389153804&starName=,,种草,14064226,1,0,1
周奕宏,http://www.99doushang.com/v/rank/star/detail?uid=58529388168&starName=,,帅哥,1740860,2,0,0
甜甜爱种草,http://www.99doushang.com/v/rank/star/detail?uid=93237842703&starName=,,,8084,1,0,0
浪胃仙,http://www.99doushang.com/v/rank/star/detail?uid=92924207628&starName=,美食自媒体,美食,29329547,3,0,0
好物大盘点,http://www.99doushang.com/v/rank/star/detail?uid=110782366150&starName=,,,40314,1,0,1
小提莫,http://www.99doushang.com/v/rank/star/detail?uid=2352578519121533&starName=,,,5816,1,0,0
白鸽,http://www.99doushang.com/v/rank/star/detail?uid=97626487717&starName=,,动漫,828413,1,0,0
资深吃货,http://www.99doushang.com/v/rank/star/detail?uid=3513661418123287&starName=,,,42305,2,0,0
你知道吗？,http://www.99doushang.com/v/rank/star/detail?uid=106768784898&starName=,,资讯,2665511,2,2,13
流星锤老爹,http://www.99doushang.com/v/rank/star/detail?uid=23205191711&starName=,,搞笑,2039894,1,0,2
大楽楽楽,http://www.99doushang.com/v/rank/star/detail?uid=57317809918&starName=,,美女,241194,1,0,0
黄桥,http://www.99doushang.com/v/rank/star/detail?uid=103252972436&starName=,,搞笑,2881125,1,0,0
味蕾零食君,http://www.99doushang.com/v/rank/star/detail?uid=107977727960&starName=,,种草,286813,1,0,3
泡沫姐妹,http://www.99doushang.com/v/rank/star/detail?uid=104096535970&starName=,,情感,3238097,1,0,1
流川枫篮球🏀,http://www.99doushang.com/v/rank/star/detail?uid=65451580183&starName=,,,38284,1,0,0
华西金,http://www.99doushang.com/v/rank/star/detail?uid=88128383705&starName=,,,12802,1,1,0
古阿新,http://www.99doushang.com/v/rank/star/detail?uid=59236021525&starName=,抖音好物推荐官,音乐,1734997,2,2,3
带货文化,http://www.99doushang.com/v/rank/star/detail?uid=1156283354582068&starName=,,,62272,2,0,1
柯肖要开心,http://www.99doushang.com/v/rank/star/detail?uid=64104992627&starName=,,帅哥,578949,2,1,4
丁肉肉,http://www.99doushang.com/v/rank/star/detail?uid=3364140678386823&starName=,,美食,4654,1,0,0
黄九五,http://www.99doushang.com/v/rank/star/detail?uid=79135969210&starName=,,剧情,2786054,9,2,0
宵夜札札小搭配师,http://www.99doushang.com/v/rank/star/detail?uid=58894245011&starName=,,穿搭,475085,1,0,2
像素花园,http://www.99doushang.com/v/rank/star/detail?uid=1745655498811614&starName=,,家居,455943,1,0,1
大头哥十字绣,http://www.99doushang.com/v/rank/star/detail?uid=11863651953&starName=,,才艺,464489,1,0,1
九呵呵.,http://www.99doushang.com/v/rank/star/detail?uid=54920362003&starName=,,美女,2486706,1,2,8
朴雅居家纺店,http://www.99doushang.com/v/rank/star/detail?uid=2634060131206205&starName=,,,49985,1,0,0
种草哥,http://www.99doushang.com/v/rank/star/detail?uid=110171223796&starName=,,种草,684807,2,0,2
每日好物,http://www.99doushang.com/v/rank/star/detail?uid=69970607492&starName=,,种草,993441,1,3,13
汉服来了,http://www.99doushang.com/v/rank/star/detail?uid=2546074755542503&starName=,,,14630,1,0,0
陈田拆车件,http://www.99doushang.com/v/rank/star/detail?uid=100059406834&starName=,,汽车,630134,1,0,1
EZ14的沙雕日常,http://www.99doushang.com/v/rank/star/detail?uid=103644983972&starName=,,穿搭,207167,1,0,2
我是你的朋友,http://www.99doushang.com/v/rank/star/detail?uid=4252509083810020&starName=,,剧情,839746,1,0,1
小小朱麻麻,http://www.99doushang.com/v/rank/star/detail?uid=104341875702&starName=,,,56717,1,0,1
小谷粒穿搭,http://www.99doushang.com/v/rank/star/detail?uid=531818445542126&starName=,,,21567,1,0,0
醉叔美食,http://www.99doushang.com/v/rank/star/detail?uid=60589272995&starName=,,美食,1068493,1,1,0
超甜小胖明,http://www.99doushang.com/v/rank/star/detail?uid=111553046423&starName=,,穿搭,134538,1,0,0
桂花实验室,http://www.99doushang.com/v/rank/star/detail?uid=101987600330&starName=,,,154710,1,0,0
小仙女,http://www.99doushang.com/v/rank/star/detail?uid=62227610888&starName=,,美妆,663913,1,0,0
倔强的小鸡,http://www.99doushang.com/v/rank/star/detail?uid=2370146984529549&starName=,,,9014,1,0,0
窗灵剪影,http://www.99doushang.com/v/rank/star/detail?uid=2915508707407246&starName=,,,43175,1,0,0
你的歌单,http://www.99doushang.com/v/rank/star/detail?uid=2238234654945780&starName=,,音乐,1389504,2,0,0
南夕姐姐studio✨,http://www.99doushang.com/v/rank/star/detail?uid=954000750947660&starName=,,,101112,1,0,1
晕晕啊,http://www.99doushang.com/v/rank/star/detail?uid=3452103268500211&starName=,,,95830,1,0,2
金帝柔,http://www.99doushang.com/v/rank/star/detail?uid=100047541744&starName=,,家居,3636852,1,0,3
未央区修远水果店,http://www.99doushang.com/v/rank/star/detail?uid=1428987037354780&starName=,,美食,473135,1,0,0
美墅住宅建筑设计,http://www.99doushang.com/v/rank/star/detail?uid=106709562837&starName=,,家居,1096591,1,0,1
细节帝冷宇,http://www.99doushang.com/v/rank/star/detail?uid=109495088029&starName=,,体育,514590,2,0,10
杭州美衣榜,http://www.99doushang.com/v/rank/star/detail?uid=2959512616319672&starName=,,穿搭,948565,1,0,6
辣妈艾小鑫,http://www.99doushang.com/v/rank/star/detail?uid=95436620600&starName=,优质视频创作者,生活,5969974,1,1,0
白马小志,http://www.99doushang.com/v/rank/star/detail?uid=716476862184996&starName=,,剧情,1421699,2,0,3
洋佳酱,http://www.99doushang.com/v/rank/star/detail?uid=461423528393187&starName=,,搞笑,4069343,1,6,1
蔡博欣,http://www.99doushang.com/v/rank/star/detail?uid=215126636758020&starName=,,帅哥,302959,1,0,0
好物种草,http://www.99doushang.com/v/rank/star/detail?uid=2370139483275268&starName=,,,74887,1,1,0
靓仔玩家,http://www.99doushang.com/v/rank/star/detail?uid=95201984532&starName=,,生活,517478,1,0,0
艾美家居,http://www.99doushang.com/v/rank/star/detail?uid=61845633299&starName=,,家居,232443,2,0,1
D哥,http://www.99doushang.com/v/rank/star/detail?uid=79321223560&starName=,,搞笑,241982,1,0,1
摩的司机Tony（潮发推荐师）,http://www.99doushang.com/v/rank/star/detail?uid=80100696147&starName=,,时尚,225695,2,0,2
米亚萌,http://www.99doushang.com/v/rank/star/detail?uid=110071604655&starName=,,情感,1520780,1,0,1
憨憨的一天,http://www.99doushang.com/v/rank/star/detail?uid=69436265853&starName=,,,20361,3,0,4
邢大运,http://www.99doushang.com/v/rank/star/detail?uid=96833063482&starName=,,,77160,2,2,3
高兴海鲜,http://www.99doushang.com/v/rank/star/detail?uid=97319700831&starName=,,生活,739536,1,0,0
嘻嘻的搭配室,http://www.99doushang.com/v/rank/star/detail?uid=110524488343&starName=,,,385577,4,0,0
小乔😊,http://www.99doushang.com/v/rank/star/detail?uid=62184780422&starName=,,生活,2417138,1,1,1
小班哥,http://www.99doushang.com/v/rank/star/detail?uid=918814874936350&starName=,,,47837,1,0,1
姐夫,http://www.99doushang.com/v/rank/star/detail?uid=63475971778&starName=,,情感,1968979,1,2,1
丑蛋儿一家,http://www.99doushang.com/v/rank/star/detail?uid=95621077710&starName=,,搞笑,2263989,2,0,2
小幸运🍀,http://www.99doushang.com/v/rank/star/detail?uid=99592663631&starName=,,情感,347437,1,1,1
脑洞少女T,http://www.99doushang.com/v/rank/star/detail?uid=98473514242&starName=,,搞笑,3279383,2,3,10
三哥三嫂,http://www.99doushang.com/v/rank/star/detail?uid=72807510336&starName=,,搞笑,625732,1,0,1
锦衣卫,http://www.99doushang.com/v/rank/star/detail?uid=795679648136199&starName=,,美食,991855,1,0,0
女生知识,http://www.99doushang.com/v/rank/star/detail?uid=3575255576347228&starName=,,美妆,648145,1,0,1
渔夫之家海产品,http://www.99doushang.com/v/rank/star/detail?uid=874808874376814&starName=,,,75652,1,0,0
海南慕齐果业,http://www.99doushang.com/v/rank/star/detail?uid=3742327650132275&starName=,,美食,275230,1,2,0
何飞虎,http://www.99doushang.com/v/rank/star/detail?uid=95415112438&starName=,,,3200,1,0,0
阿龙擒拿格斗,http://www.99doushang.com/v/rank/star/detail?uid=64200662224&starName=,,体育,2090764,1,0,0
芒果小师妹,http://www.99doushang.com/v/rank/star/detail?uid=102933395891&starName=,,剧情,1910571,1,0,5
PS合成教学-T.Dn,http://www.99doushang.com/v/rank/star/detail?uid=77255431328&starName=,,摄影教学,695354,1,0,2
动漫君,http://www.99doushang.com/v/rank/star/detail?uid=59247868759&starName=,,,162510,1,0,1
可可首饰商行,http://www.99doushang.com/v/rank/star/detail?uid=108006378010&starName=,,,27767,1,0,0
顶级销售思维,http://www.99doushang.com/v/rank/star/detail?uid=108955593283&starName=,,职场,735930,4,0,5
智慧人生,http://www.99doushang.com/v/rank/star/detail?uid=92466372611&starName=,,情感,631576,3,0,5
我想喝可乐,http://www.99doushang.com/v/rank/star/detail?uid=3302564389205112&starName=,,,3768,1,0,0
莱小农好物,http://www.99doushang.com/v/rank/star/detail?uid=97659427673&starName=,,美食,618372,1,0,1
晏大小姐Vivi,http://www.99doushang.com/v/rank/star/detail?uid=95879187718&starName=,优质视频创作者,时尚,4435418,1,1,5
高个子敏哥,http://www.99doushang.com/v/rank/star/detail?uid=106830885549&starName=,,穿搭,594468,1,0,3
恋与川,http://www.99doushang.com/v/rank/star/detail?uid=102662389380&starName=,,帅哥,4650779,2,0,0
硬核男女,http://www.99doushang.com/v/rank/star/detail?uid=3689571198700715&starName=,,剧情,567239,1,2,0
钟婷xo,http://www.99doushang.com/v/rank/star/detail?uid=58664008125&starName=,,美女,16270023,1,0,2
玲珑绳艺阁-手工编绳教程,http://www.99doushang.com/v/rank/star/detail?uid=78924023360&starName=,,才艺,1400942,1,0,0
汪仔饭的日常,http://www.99doushang.com/v/rank/star/detail?uid=101576933543&starName=,,宠物,1519696,1,0,0
红酒侃谈会-威赛帝斯,http://www.99doushang.com/v/rank/star/detail?uid=109910293841&starName=,,,119494,1,0,1
随手做美食,http://www.99doushang.com/v/rank/star/detail?uid=100263877845&starName=,,美食,3037310,1,0,0
李佳琦Austin,http://www.99doushang.com/v/rank/star/detail?uid=81939158402&starName=,抖音人气好物推荐官,美妆,34077636,11,1,0
小九儿😄,http://www.99doushang.com/v/rank/star/detail?uid=58576422322&starName=,,,10497,1,0,1
拓森篮球,http://www.99doushang.com/v/rank/star/detail?uid=68072752582&starName=,,体育,823042,3,3,12
老徐爱分享,http://www.99doushang.com/v/rank/star/detail?uid=3883075364201239&starName=,,种草,292363,1,0,3
黑牛奶少女穿搭,http://www.99doushang.com/v/rank/star/detail?uid=3258577974199028&starName=,,种草,779180,2,0,4
吕裤叉(游戏直播),http://www.99doushang.com/v/rank/star/detail?uid=66113210673&starName=,,游戏,366136,1,0,1
好听音乐,http://www.99doushang.com/v/rank/star/detail?uid=1859995129089740&starName=,,音乐,295082,1,0,0
小媛媛儿,http://www.99doushang.com/v/rank/star/detail?uid=101900540213&starName=,,美妆,666481,1,1,0
浚县天天服装,http://www.99doushang.com/v/rank/star/detail?uid=3135443642626372&starName=,,穿搭,483184,1,0,0
城关区雁滩美琪美发店,http://www.99doushang.com/v/rank/star/detail?uid=77880476419&starName=,,时尚,129305,1,0,0
艾美丽,http://www.99doushang.com/v/rank/star/detail?uid=98495270578&starName=,,时尚,275369,1,2,4
不潘,http://www.99doushang.com/v/rank/star/detail?uid=57607508637&starName=,,生活,650059,1,4,1
鹿灯,http://www.99doushang.com/v/rank/star/detail?uid=63296842474&starName=,,帅哥,579002,1,0,0
BiBi酱,http://www.99doushang.com/v/rank/star/detail?uid=96926963506&starName=,,,66251,1,2,0
山东萌域动漫文化有限公司,http://www.99doushang.com/v/rank/star/detail?uid=61355612333&starName=,,,7668,1,0,0
紫林轩,http://www.99doushang.com/v/rank/star/detail?uid=71398102742&starName=,,艺术,2868769,1,0,0
今我来思,http://www.99doushang.com/v/rank/star/detail?uid=107973379699&starName=,,,20670,1,0,0
ulzzang搭配酱,http://www.99doushang.com/v/rank/star/detail?uid=92738827665&starName=,,穿搭,617320,1,0,3
子弹JohnBullet,http://www.99doushang.com/v/rank/star/detail?uid=93124744400&starName=,,体育,675297,1,0,0
创阅读书会,http://www.99doushang.com/v/rank/star/detail?uid=85053271329&starName=,,资讯,1608544,1,0,2
秦巴忆味 秦巴奶奶,http://www.99doushang.com/v/rank/star/detail?uid=92628529822&starName=,优质视频创作者,美食,1738995,1,4,3
小雨穿搭,http://www.99doushang.com/v/rank/star/detail?uid=1631272650673220&starName=,,,83060,1,0,0
小小手工,http://www.99doushang.com/v/rank/star/detail?uid=4208571134251220&starName=,,才艺,606105,1,0,0
zunzun糖,http://www.99doushang.com/v/rank/star/detail?uid=71018093646&starName=,,,74886,1,0,0
九月酥几两,http://www.99doushang.com/v/rank/star/detail?uid=109577621486749&starName=,,美女,302836,1,0,0
涛哥测评,http://www.99doushang.com/v/rank/star/detail?uid=70220673506&starName=,,种草,1909026,1,0,0
5,http://www.99doushang.com/v/rank/star/detail?uid=70274958656&starName=,,,151542,1,1,0
大西米君,http://www.99doushang.com/v/rank/star/detail?uid=89932629814&starName=,,美妆,524567,1,0,6
勇闯天涯,http://www.99doushang.com/v/rank/star/detail?uid=78814612890&starName=,,,55453,3,0,2
诸葛小锦囊,http://www.99doushang.com/v/rank/star/detail?uid=2167890318460996&starName=,,职场,732540,2,0,4
穆姑娘的衣裳,http://www.99doushang.com/v/rank/star/detail?uid=3504879726764132&starName=,,职场,2174381,1,0,5
礼物大魔王,http://www.99doushang.com/v/rank/star/detail?uid=70591295426&starName=,优质视频创作者,才艺,1850616,2,0,1
爆改素人计划,http://www.99doushang.com/v/rank/star/detail?uid=2484547142551564&starName=,,美妆,3772061,5,5,7
神偷锤子,http://www.99doushang.com/v/rank/star/detail?uid=2906735577141341&starName=,,,29954,1,0,0
An、文逸,http://www.99doushang.com/v/rank/star/detail?uid=64347032418&starName=,,,25403,1,0,0
十三穿搭,http://www.99doushang.com/v/rank/star/detail?uid=355863302506263&starName=,,,202424,1,0,3
犀利妈Ly媛媛,http://www.99doushang.com/v/rank/star/detail?uid=59470440973&starName=,,美女,687262,1,1,5
明天,http://www.99doushang.com/v/rank/star/detail?uid=1833626497985796&starName=,,种草,624570,2,2,3
致橡树,http://www.99doushang.com/v/rank/star/detail?uid=61986754338&starName=,,帅哥,553098,1,0,3
尊宝爸爸,http://www.99doushang.com/v/rank/star/detail?uid=57833035660&starName=,,搞笑,10873742,3,6,6
老宋的微醺23点,http://www.99doushang.com/v/rank/star/detail?uid=103429813472&starName=,,美食,5506522,1,1,4
智勇别这样,http://www.99doushang.com/v/rank/star/detail?uid=54280942465&starName=,,搞笑,3006831,1,1,1
宁波街访,http://www.99doushang.com/v/rank/star/detail?uid=59426898565&starName=,,生活,486118,1,1,0
EXCEL100分,http://www.99doushang.com/v/rank/star/detail?uid=105636480961&starName=,,职场,1028873,1,1,2
❤️大猫妈妈,http://www.99doushang.com/v/rank/star/detail?uid=73712010674&starName=,,美女,2238995,1,1,3
侠秀航模,http://www.99doushang.com/v/rank/star/detail?uid=100243010798&starName=,,,196714,1,0,0
小虾米,http://www.99doushang.com/v/rank/star/detail?uid=102269336321&starName=,,穿搭,277633,1,0,1
大漠的旅行,http://www.99doushang.com/v/rank/star/detail?uid=58708896778&starName=,旅游自媒体,旅行,3281148,2,0,6
阿政漫剪zz,http://www.99doushang.com/v/rank/star/detail?uid=60039234464&starName=,,,121697,1,0,0
佛系少女,http://www.99doushang.com/v/rank/star/detail?uid=67683083645&starName=,,穿搭,721140,3,1,4
瓜皮有话说,http://www.99doushang.com/v/rank/star/detail?uid=99221421432&starName=,,,90055,1,0,3
焦糖小桂圆,http://www.99doushang.com/v/rank/star/detail?uid=461429079019236&starName=,,美食,957829,1,0,1
两只家伙,http://www.99doushang.com/v/rank/star/detail?uid=98929365671&starName=,校园短视频创作者,舞蹈,448483,1,0,3
UVN娜娜,http://www.99doushang.com/v/rank/star/detail?uid=61626473408&starName=,,萌娃,843841,1,2,8
小蝌蚪妈妈,http://www.99doushang.com/v/rank/star/detail?uid=89852523288&starName=,优质视频创作者,美妆,5310058,3,2,1
郭子墨,http://www.99doushang.com/v/rank/star/detail?uid=1983133319703324&starName=,,剧情,1361684,1,1,1
Smell 香氛发射站,http://www.99doushang.com/v/rank/star/detail?uid=52787384979&starName=,,,168806,1,0,1
历史风云录,http://www.99doushang.com/v/rank/star/detail?uid=109410209246&starName=,,文学,344858,2,0,8
卖袜子的李仙桃（织围巾）,http://www.99doushang.com/v/rank/star/detail?uid=93558725980&starName=,,创意,576549,1,1,1
小星星bling✨,http://www.99doushang.com/v/rank/star/detail?uid=91712027184&starName=,,情感,546836,3,3,17
含涵呼乎别当峥,http://www.99doushang.com/v/rank/star/detail?uid=58420536204&starName=,,,18572,1,0,0
AK,http://www.99doushang.com/v/rank/star/detail?uid=93252403083&starName=,,体育,442209,1,0,3
男人帮,http://www.99doushang.com/v/rank/star/detail?uid=98540728624&starName=,,,3177,1,0,0
小北大的麻麻,http://www.99doushang.com/v/rank/star/detail?uid=68164787302&starName=,美食自媒体,美食,1231105,1,0,1
爱摇摆的豆浆✨,http://www.99doushang.com/v/rank/star/detail?uid=104850604469&starName=,,时尚,3447023,1,0,5
渣男研究所莫邪,http://www.99doushang.com/v/rank/star/detail?uid=59220767995&starName=,,剧情,10209359,8,0,1
小猴子恭候,http://www.99doushang.com/v/rank/star/detail?uid=94244050921&starName=,,,206560,3,3,3
安可托实验室,http://www.99doushang.com/v/rank/star/detail?uid=2510895452006894&starName=,,,75685,1,0,1
兔牙小姐姐,http://www.99doushang.com/v/rank/star/detail?uid=58680072067&starName=,,美女,1212209,2,1,6
光与谋略,http://www.99doushang.com/v/rank/star/detail?uid=2317374387391966&starName=,,,325670,1,0,5
住宅公园,http://www.99doushang.com/v/rank/star/detail?uid=76472461720&starName=,,家居,3314398,2,1,1
子辰与海,http://www.99doushang.com/v/rank/star/detail?uid=373481706101223&starName=,,剧情,5755592,10,1,0
小黄豆妈美食,http://www.99doushang.com/v/rank/star/detail?uid=58634359034&starName=,,美食,2665419,1,2,2
体面在现场,http://www.99doushang.com/v/rank/star/detail?uid=99116469849&starName=,,,198232,1,0,0
祁么么,http://www.99doushang.com/v/rank/star/detail?uid=81749055170&starName=,,才艺,1720353,3,0,1
炊事班嘚小阿精,http://www.99doushang.com/v/rank/star/detail?uid=54278629747&starName=,,美食,245146,1,2,7
长安旺旭日用百货,http://www.99doushang.com/v/rank/star/detail?uid=1411414015881363&starName=,,,58300,1,0,0
喵星人❤特特❤,http://www.99doushang.com/v/rank/star/detail?uid=78046225263&starName=,优质视频创作者,宠物,5686210,1,0,0
秋叶Word,http://www.99doushang.com/v/rank/star/detail?uid=99621090391&starName=,优质视频创作者,职场,5240615,1,1,1
米糖大姐姐,http://www.99doushang.com/v/rank/star/detail?uid=2765994833747550&starName=,,种草,75053,1,0,3
兵果家居贸易商行,http://www.99doushang.com/v/rank/star/detail?uid=3188224461912029&starName=,,科技,380600,1,0,3
【臭臭爹】美食家常菜🔥,http://www.99doushang.com/v/rank/star/detail?uid=58697601315&starName=,,美食,1533122,2,0,1
福星好物,http://www.99doushang.com/v/rank/star/detail?uid=109092252243&starName=,,种草,91215,1,0,1
荷叶飘香,http://www.99doushang.com/v/rank/star/detail?uid=83786015662&starName=,,美食,2108505,2,4,5
喜加街拍,http://www.99doushang.com/v/rank/star/detail?uid=96826023967&starName=,,穿搭,600583,3,3,3
小诸葛赚钱笔记,http://www.99doushang.com/v/rank/star/detail?uid=62473912781&starName=,,职场,1346779,1,0,0
孟婆十九,http://www.99doushang.com/v/rank/star/detail?uid=102122511249&starName=,,剧情,9050641,4,0,0
我是好平静,http://www.99doushang.com/v/rank/star/detail?uid=72480084939&starName=,,音乐,2128417,2,4,1
K先生---漫剪,http://www.99doushang.com/v/rank/star/detail?uid=86576524487&starName=,,动漫,392215,1,0,1
王老六,http://www.99doushang.com/v/rank/star/detail?uid=71841131267&starName=,,帅哥,7896303,1,0,0
绿茶🍵种草,http://www.99doushang.com/v/rank/star/detail?uid=311871029912388&starName=,,,85735,1,0,0
曹小派,http://www.99doushang.com/v/rank/star/detail?uid=95986186640&starName=,,种草,2439007,1,1,10
马达与发财,http://www.99doushang.com/v/rank/star/detail?uid=67293654399&starName=,抖音vlogger,宠物,4389082,11,7,1
布尔玛,http://www.99doushang.com/v/rank/star/detail?uid=3847882179882814&starName=,,美女,1200693,1,0,1
熊宝憨牛,http://www.99doushang.com/v/rank/star/detail?uid=839633231417963&starName=,,,284247,1,0,3
赤脚电子商务,http://www.99doushang.com/v/rank/star/detail?uid=111467784871&starName=,,,63673,1,0,0
小豆芽妈妈,http://www.99doushang.com/v/rank/star/detail?uid=100461506716&starName=,优质母婴自媒体,母婴育儿,1795864,1,0,1
街拍侠,http://www.99doushang.com/v/rank/star/detail?uid=101410881423&starName=,,美女,813831,2,0,6
亲子手工大全,http://www.99doushang.com/v/rank/star/detail?uid=108013172273&starName=,,教育,571880,2,0,2
化妆师繁子,http://www.99doushang.com/v/rank/star/detail?uid=102636335609&starName=,,美妆,5450744,11,11,2
京宇海鲜商贸,http://www.99doushang.com/v/rank/star/detail?uid=82398999697&starName=,,,126942,1,1,2
晏子Yanzi,http://www.99doushang.com/v/rank/star/detail?uid=103558732328&starName=,,生活,400665,1,2,6
小麦苗,http://www.99doushang.com/v/rank/star/detail?uid=61873120164&starName=,,舞蹈,267997,1,0,1
Ethan清醒思考,http://www.99doushang.com/v/rank/star/detail?uid=3328942007653731&starName=,优质情感自媒体,情感,8624493,1,0,2
陈采尼,http://www.99doushang.com/v/rank/star/detail?uid=104423231197&starName=,,美妆,3313978,1,2,12
西域小男孩,http://www.99doushang.com/v/rank/star/detail?uid=54611135553&starName=,抖音好物推荐官,情感,619471,1,0,2
赣榆区陈凤娇海鲜,http://www.99doushang.com/v/rank/star/detail?uid=637352144548344&starName=,,,151741,1,0,0
芭比简笔画,http://www.99doushang.com/v/rank/star/detail?uid=9431322329&starName=,,才艺,334573,1,0,0
樊登读书精选,http://www.99doushang.com/v/rank/star/detail?uid=108106278817&starName=,,情感,1910979,2,0,4
你想我吗=我是小郑,http://www.99doushang.com/v/rank/star/detail?uid=59243290950&starName=,,美女,2179758,2,1,1
果果家女装GGWOMEN   壹杭,http://www.99doushang.com/v/rank/star/detail?uid=105009379464&starName=,,穿搭,1603385,1,1,2
薛定谔的🆔,http://www.99doushang.com/v/rank/star/detail?uid=73869045015&starName=,,动漫,444197,1,0,1
你的十一,http://www.99doushang.com/v/rank/star/detail?uid=4296537372891988&starName=,,美女,1775499,1,4,3
贪杯,http://www.99doushang.com/v/rank/star/detail?uid=101114910974&starName=,,,120779,1,0,3
拜托了栗子,http://www.99doushang.com/v/rank/star/detail?uid=63902021761&starName=,,时尚,3629420,1,1,0
主持人王芳,http://www.99doushang.com/v/rank/star/detail?uid=96237199469&starName=,主持人，教育人,资讯,3479739,1,3,7
小饿鱼爱做饭,http://www.99doushang.com/v/rank/star/detail?uid=1736832914555591&starName=,,,67530,1,0,0
毛衣姐姐,http://www.99doushang.com/v/rank/star/detail?uid=94707492390&starName=,,穿搭,596958,1,0,2
小伟路亚打黑,http://www.99doushang.com/v/rank/star/detail?uid=87856507983&starName=,,,132183,1,0,0
SUITUP绅士荟,http://www.99doushang.com/v/rank/star/detail?uid=399833429709243&starName=,,穿搭,239566,1,0,1
养生知识,http://www.99doushang.com/v/rank/star/detail?uid=108784137273&starName=,,情感,615021,1,1,0
EZ14的宝藏女孩,http://www.99doushang.com/v/rank/star/detail?uid=107894092597&starName=,,穿搭,187057,1,0,1
B11合唱团,http://www.99doushang.com/v/rank/star/detail?uid=62849982187&starName=,,音乐,678515,2,1,1
潘华尔姿手工毛衣,http://www.99doushang.com/v/rank/star/detail?uid=95932755832&starName=,,才艺,1909995,1,6,12
街拍Vego,http://www.99doushang.com/v/rank/star/detail?uid=84754212156&starName=,,娱乐,1679015,1,1,4
钟文泽,http://www.99doushang.com/v/rank/star/detail?uid=78810049954&starName=,,科技,455260,1,0,12
英雄联盟PBE,http://www.99doushang.com/v/rank/star/detail?uid=98093125399&starName=,,游戏,276030,4,0,7
马马特贸易商行,http://www.99doushang.com/v/rank/star/detail?uid=1701656317931597&starName=,,,35196,1,0,0
放扬的心心,http://www.99doushang.com/v/rank/star/detail?uid=105664583688&starName=,,情感,11315495,1,0,0
城,http://www.99doushang.com/v/rank/star/detail?uid=61831233693&starName=,,,12648,1,0,1
科泰集采,http://www.99doushang.com/v/rank/star/detail?uid=104140313863&starName=,,,52969,1,0,0
辣鸡秀秀            🦔,http://www.99doushang.com/v/rank/star/detail?uid=60817921513&starName=,,美女,289228,1,1,4
斯诺克球友之家,http://www.99doushang.com/v/rank/star/detail?uid=80357587232&starName=,优质台球领域创作者,,219814,1,4,5
小居倍儿甜,http://www.99doushang.com/v/rank/star/detail?uid=108372967508&starName=,,美食,513497,1,0,2
小47_,http://www.99doushang.com/v/rank/star/detail?uid=107703302155&starName=,,美女,275047,1,1,5
安安麻麻,http://www.99doushang.com/v/rank/star/detail?uid=1297028349171159&starName=,,,141244,1,0,0
你的茜茜上线啦！,http://www.99doushang.com/v/rank/star/detail?uid=4472444156918444&starName=,,美食,2349856,16,0,0
大航迷了鹿『王者荣耀』,http://www.99doushang.com/v/rank/star/detail?uid=67216204022&starName=,抖音音乐人,音乐,248106,3,0,1
合肥市衣优服装店,http://www.99doushang.com/v/rank/star/detail?uid=93568859276&starName=,,穿搭,286500,1,0,0
小酒蜗,http://www.99doushang.com/v/rank/star/detail?uid=97125778416&starName=,抖音人气好物推荐官,资讯,1431191,1,1,15
👑冷艳艳💋寵兒,http://www.99doushang.com/v/rank/star/detail?uid=59683678142&starName=,,美女,1222460,1,0,1
陈三废gg,http://www.99doushang.com/v/rank/star/detail?uid=83307044560&starName=,,搞笑,13973788,1,1,1
答案篮球,http://www.99doushang.com/v/rank/star/detail?uid=1481787285178206&starName=,优质篮球领域创作者,体育,400265,2,1,3
启启邦水果商城,http://www.99doushang.com/v/rank/star/detail?uid=3258599150468023&starName=,,美食,237739,1,2,2
瑜伽老师-Summer,http://www.99doushang.com/v/rank/star/detail?uid=63904708271&starName=,,健康,674071,1,0,0
然然然儿,http://www.99doushang.com/v/rank/star/detail?uid=3610435394477476&starName=,,,20425,1,1,0
女孩子花点钱怎么了,http://www.99doushang.com/v/rank/star/detail?uid=109013163187&starName=,,种草,550624,1,1,1
温江生产队影视,http://www.99doushang.com/v/rank/star/detail?uid=108044352967&starName=,,搞笑,8025250,1,0,0
分你一半肉肉,http://www.99doushang.com/v/rank/star/detail?uid=72522004163&starName=,,音乐,991228,1,0,0
金大班的小可爱们,http://www.99doushang.com/v/rank/star/detail?uid=109669817083&starName=,,穿搭,169810,1,0,0
涡阳春好家居用品,http://www.99doushang.com/v/rank/star/detail?uid=67483054062&starName=,,种草,441700,1,0,0
皮卡丘,http://www.99doushang.com/v/rank/star/detail?uid=52636163760&starName=,,创意,1047412,1,1,1
雨奇老师谈育儿,http://www.99doushang.com/v/rank/star/detail?uid=108676022950&starName=,,母婴育儿,644650,1,0,0
张凌云地摊创业,http://www.99doushang.com/v/rank/star/detail?uid=110715465979&starName=,,种草,465578,1,0,0
一条科技,http://www.99doushang.com/v/rank/star/detail?uid=104999297014&starName=,,科技,284495,2,0,0
贝壳妈妈说育儿,http://www.99doushang.com/v/rank/star/detail?uid=106117529975&starName=,,母婴育儿,285621,1,0,0
Abby心肝儿,http://www.99doushang.com/v/rank/star/detail?uid=58800348561&starName=,,穿搭,336584,1,1,4
玛栗小酥,http://www.99doushang.com/v/rank/star/detail?uid=106530967108&starName=,,种草,3235638,2,2,0
梁子呀,http://www.99doushang.com/v/rank/star/detail?uid=110521337126&starName=,,美女,299496,1,1,0
希希的希,http://www.99doushang.com/v/rank/star/detail?uid=2106263821878612&starName=,,情感,997907,1,0,1
（AJ美娅）胜通新零售,http://www.99doushang.com/v/rank/star/detail?uid=99821730095&starName=,,时尚,2260269,1,0,3
郭缄墨书法,http://www.99doushang.com/v/rank/star/detail?uid=80744790011&starName=,,艺术,1399816,1,0,2
阿么,http://www.99doushang.com/v/rank/star/detail?uid=96928445296&starName=,,文学,240886,1,0,0
7小姐,http://www.99doushang.com/v/rank/star/detail?uid=98140866848&starName=,,,49938,1,0,0
社交思维,http://www.99doushang.com/v/rank/star/detail?uid=110815209007&starName=,,教育,1735042,3,1,2
叶公子,http://www.99doushang.com/v/rank/star/detail?uid=110541851171&starName=,,美妆,16585733,26,0,0
阿飞和爷爷奶奶,http://www.99doushang.com/v/rank/star/detail?uid=81195831075&starName=,,生活,2825986,2,0,1
小二贰,http://www.99doushang.com/v/rank/star/detail?uid=101198098223&starName=,,,33849,1,0,0
苏夏妈妈🍀,http://www.99doushang.com/v/rank/star/detail?uid=83937474719&starName=,,,53372,1,1,0
